Old Code,Item No. (Unique SKU code),Item/Service Description,New Item/Service Description for Tax,Item Group,Product,Category,Packing Type,Product Type,Packing Size,Section
1002,1002,GAZAL PUTTUPODI 1 KG,NOOR GAZAL PUTTUPODI 1 KG,FINISHED GOODS,PUTTUPODI,CEREALS & FLOUR,PILLOW,POWDER,1000,MASALA TABLE
1003,1003,GAZAL RICE FLOUR 1 KG,NOOR GAZAL RICE FLOUR 1 KG,FINISHED GOODS,RICE FLOUR,CEREALS & FLOUR,PILLOW,POWDER,1000,FFS MASALA
1005,1005,GAZAL RICE FLOUR 2 KG,NOOR GAZAL RICE FLOUR 2 KG,FINISHED GOODS,RICE FLOUR,CEREALS & FLOUR,PILLOW,POWDER,2000,FFS MASALA
1011,1011,GAZAL CORN FLOUR 1 KG,NOOR GAZAL CORN FLOUR 1 KG,FINISHED GOODS,CORN FLOUR,CEREALS & FLOUR,PILLOW,POWDER,1000,MASALA TABLE
1014,1014,GAZAL GRAMFLOUR 15 KG,NOOR GAZAL GRAMFLOUR 15 KG,FINISHED GOODS,GRAM FLOUR,CEREALS & FLOUR,BAG,POWDER,15000,MASALA TABLE
1015,1015,GAZAL GRAMFLOUR 2 KG,NOOR GAZAL GRAMFLOUR 2 KG,FINISHED GOODS,GRAM FLOUR,CEREALS & FLOUR,PILLOW,POWDER,2000,FFS MASALA
1016,1016,GAZAL GRAMFLOUR 1 KG,NOOR GAZAL GRAMFLOUR 1 KG,FINISHED GOODS,GRAM FLOUR,CEREALS & FLOUR,PILLOW,POWDER,1000,FFS MASALA
1017,1017,GAZAL GRAMFLOUR 400 GM,NOOR GAZAL GRAMFLOUR 400 GM,FINISHED GOODS,GRAM FLOUR,CEREALS & FLOUR,PILLOW,POWDER,400,MASALA TABLE
1020,1020,GAZAL SEMOLINA 1 KG,NOOR GAZAL SEMOLINA 1 KG,FINISHED GOODS,SEMOLINA,CEREALS & FLOUR,PILLOW,POWDER,1000,FFS MASALA
1021,1021,GAZAL SEMOLINA 400 GM.,NOOR GAZAL SEMOLINA 400 GM.,FINISHED GOODS,SEMOLINA,CEREALS & FLOUR,PILLOW,POWDER,400,MASALA TABLE
1026,1026,GAZAL BURGOL WHITE 1KG,NOOR GAZAL BURGOL WHITE 1KG,FINISHED GOODS,BURGOL WHITE,CEREALS & FLOUR,PILLOW,WHOLE,1000,NUTS SECTION
1031,1031,GAZAL HUB HAREES ( NOOR ) 1 KG,NOOR GAZAL HUB HAREES ( NOOR ) 1 KG,FINISHED GOODS,HUB HAREES NOOR,PEAS & LENTILES,PILLOW,WHOLE,1000,FFS DAL
1034,1034,GAZAL BROKEN RICE 1KG,NOOR GAZAL BROKEN RICE 1KG,FINISHED GOODS,BROKEN RICE,CEREALS & FLOUR,PILLOW,WHOLE,1000,NUTS SECTION
1035,1035,GAZAL BROKEN RICE 500GM,NOOR GAZAL BROKEN RICE 500GM,FINISHED GOODS,BROKEN RICE,CEREALS & FLOUR,PILLOW,WHOLE,500,NUTS SECTION
1038,1038,GAZAL SESAME SEEDS 300 GM,NOOR GAZAL SESAME SEEDS 300 GM,FINISHED GOODS,SESAME SEED,CEREALS & FLOUR,PILLOW,WHOLE,300,NUTS SECTION
1039,1039,GAZAL SESAME SEEDS 500 GM,NOOR GAZAL SESAME SEEDS 500 GM,FINISHED GOODS,SESAME SEEDS,CEREALS & FLOUR,PILLOW,WHOLE,500,NUTS SECTION
1040,1040,GAZAL SESAME SEEDS 400 GM,NOOR GAZAL SESAME SEEDS 400 GM,FINISHED GOODS,SESAME SEEDS,CEREALS & FLOUR,PILLOW,WHOLE,400,NUTS SECTION
,1058,,NOOR GAZAL CLOVES 20 GM,FINISHED GOODS,CLOVES,SPICES,PILLOW,WHOLE,20,NUTS SECTION
1063,1063,GAZAL KAHWA SEELANIYA 1 KG,NOOR GAZAL KAHWA SEELANIYA 1 KG,FINISHED GOODS,KAWA SEELANIA,OMANI COFFEE,PILLOW,POWDER,1000,KAHWA SECTION
1064,1064,GAZAL KAHWA ADHAIF 2 KG.,NOOR GAZAL KAHWA ADHAIF 2 KG.,FINISHED GOODS,KAWA ADHAIF,OMANI COFFEE,PILLOW,POWDER,2000,KAHWA SECTION
1065,1065,GAZAL KAHWA ADHAIF 1 KG.,NOOR GAZAL KAHWA ADHAIF 1 KG.,FINISHED GOODS,KAWA ADHAIF,OMANI COFFEE,PILLOW,POWDER,1000,KAHWA SECTION
1066,1066,GAZAL KAHWA ADHAIF 500 GM,NOOR GAZAL KAHWA ADHAIF 500 GM,FINISHED GOODS,KAWA ADHAIF,OMANI COFFEE,PILLOW,POWDER,500,KAHWA SECTION
,1080,GAZAL ALMONDS PREMIUM 500 GM,NOOR GAZAL ALMONDS PREMIUM 500 GM,FINISHED GOODS,CUMIN SEED,NUTS & DRY FRUITS,PILLOW,WHOLE,500,NUTS SECTION
1081,1081,GAZAL ALMONDS PREMIUM 1 KG,NOOR GAZAL ALMONDS PREMIUM 1 KG,FINISHED GOODS,ALMONDS 20/22 .68,NUTS & DRY FRUITS,PILLOW,WHOLE,1000,NUTS SECTION
,1089,,NOOR GAZAL  ROASTED CASHEW NUTS 100 GM,FINISHED GOODS,ROASTED CASHEW,NUTS & DRY FRUITS,PILLOW,WHOLE,100,NUTS SECTION
1096,1096,GAZAL CASHEW NUTS 500 GM,NOOR GAZAL CASHEW NUTS 500 GM,FINISHED GOODS,CASHEW NUTS W 240,NUTS & DRY FRUITS,PILLOW,WHOLE,500,NUTS SECTION
1097,1097,GAZAL CASHEW NUTS 1 KG,NOOR GAZAL CASHEW NUTS 1 KG,FINISHED GOODS,CASHEW NUTS W 240,NUTS & DRY FRUITS,PILLOW,WHOLE,1000,NUTS SECTION
1103,1103,GAZAL GOLDEN RAISINS 70 GM,NOOR GAZAL GOLDEN RAISINS 70 GM,FINISHED GOODS,GOLDEN RAISINS,NUTS & DRY FRUITS,PILLOW,WHOLE,70,NUTS SECTION
1106,1106,GAZAL GOLDEN RAISINS 400 GM,NOOR GAZAL GOLDEN RAISINS 400 GM,FINISHED GOODS,GOLDEN RAISINS,NUTS & DRY FRUITS,PILLOW,WHOLE,400,NUTS SECTION
1107,1107,GAZAL GOLDEN RAISINS 500 GM,NOOR GAZAL GOLDEN RAISINS 500 GM,FINISHED GOODS,GOLDEN RAISINS,NUTS & DRY FRUITS,PILLOW,WHOLE,500,NUTS SECTION
1108,1108,GAZAL GOLDEN RAISINS 1 KG,NOOR GAZAL GOLDEN RAISINS 1 KG,FINISHED GOODS,GOLDEN RAISINS,NUTS & DRY FRUITS,PILLOW,WHOLE,1000,NUTS SECTION
1111,1111,GAZAL MIXED NUTS PREMIUM 400 GM,NOOR GAZAL MIXED NUTS PREMIUM 400 GM,FINISHED GOODS,MIXED NUTS,NUTS & DRY FRUITS,PILLOW,WHOLE,400,NUTS SECTION
1116,1116,GAZAL PEANUT PLAIN 200 GM,NOOR GAZAL PEANUT PLAIN 200 GM,FINISHED GOODS,PEANUT PLAIN,NUTS & DRY FRUITS,PILLOW,WHOLE,200,NUTS SECTION
1119,1119,GAZAL PEANUT PLAIN 500 GM,NOOR GAZAL PEANUT PLAIN 500 GM,FINISHED GOODS,PEANUT PLAIN,NUTS & DRY FRUITS,PILLOW,WHOLE,500,NUTS SECTION
1120,1120,GAZAL CHILLI POWDER 350 GM,NOOR GAZAL CHILLI POWDER 350 GM,FINISHED GOODS,CHILLI POWDER,SPICES,PILLOW,POWDER,350,FFS MASALA
1136,1136,GAZAL PISTACHIOS PREMIUM 150 GM,NOOR GAZAL PISTACHIOS PREMIUM 150 GM,FINISHED GOODS,PISTACHIO,NUTS & DRY FRUITS,PILLOW,WHOLE,150,NUTS SECTION
1137,1137,GAZAL CHILLI POWDER 800 GM,NOOR GAZAL CHILLI POWDER 800 GM,FINISHED GOODS,CHILLI POWDER,SPICES,PILLOW,POWDER,800,FFS MASALA
1138,1138,GAZAL PISTACHIOS PREMIUM 400 GM,NOOR GAZAL PISTACHIOS PREMIUM 400 GM,FINISHED GOODS,PISTACHIO,NUTS & DRY FRUITS,PILLOW,WHOLE,400,NUTS SECTION
1142,1142,GAZAL PUMPKIN SEEDS 200 GMS,NOOR GAZAL PUMPKIN SEEDS 200 GMS,FINISHED GOODS,PUMKIN SEEDS,NUTS & DRY FRUITS,PILLOW,WHOLE,200,NUTS SECTION
,1167,,NOOR GAZAL LUMP SUGAR 100 GMS.,FINISHED GOODS,LUMP SUGAR,NUTS & DRY FRUITS,PILLOW,WHOLE,100,NUTS SECTION
1169,1169,GAZAL RICE FLAKES (RED) 500 GM,NOOR GAZAL RICE FLAKES (RED) 500 GM,FINISHED GOODS,RICE FLAKES RED,CEREALS & FLOUR,PILLOW,WHOLE,500,NUTS SECTION
1170,1170,GAZAL RICE FLAKES (RED) 250 GM,NOOR GAZAL RICE FLAKES (RED) 250 GM,FINISHED GOODS,RICE FLAKES RED,CEREALS & FLOUR,PILLOW,WHOLE,250,NUTS SECTION
1172,1172,GAZAL RICE FLAKES(WHITE) 500 GMS,NOOR GAZAL RICE FLAKES(WHITE) 500 GMS,FINISHED GOODS,RICE FLAKES WHITE,CEREALS & FLOUR,PILLOW,WHOLE,500,NUTS SECTION
1173,1173,GAZAL RICE FLAKES(WHITE) 250 GMS,NOOR GAZAL RICE FLAKES(WHITE) 250 GMS,FINISHED GOODS,RICE FLAKES WHITE,CEREALS & FLOUR,PILLOW,WHOLE,250,NUTS SECTION
1191,1191,GAZAL ALMONDS PREMIUM 400 GM,NOOR GAZAL ALMONDS PREMIUM 400 GM,FINISHED GOODS,ALMONDS 20/22 .68,NUTS & DRY FRUITS,PILLOW,WHOLE,400,NUTS SECTION
1200,1200,GAZAL CHILLI POWDER JAR 250g,NOOR GAZAL CHILLI POWDER JAR 250g,FINISHED GOODS,CHILLI POWDER,SPICES,JAR,POWDER,250,JAR SECTION
1201,1201,GAZAL CINNAMON POWDER JAR 250g,NOOR GAZAL CINNAMON POWDER JAR 250g,FINISHED GOODS,CINNAMON POWDER,SPICES,JAR,POWDER,250,JAR SECTION
1202,1202,GAZAL CLOVES POWDER JAR 200g,NOOR GAZAL CLOVES POWDER JAR 200g,FINISHED GOODS,CLOVES POWDER,SPICES,JAR,WHOLE,200,JAR SECTION
1204,1204,GAZAL CORIANDER POWDER PET JAR 225GM,NOOR GAZAL CORIANDER POWDER JAR 225 GM,FINISHED GOODS,CORIANDER POWDER,SPICES,JAR,POWDER,225,JAR SECTION
1205,1205,GAZAL FISH MASALA JAR 250g,NOOR GAZAL FISH MASALA JAR 250g,FINISHED GOODS,FISH MASALA POWDER,SPICES,JAR,POWDER,250,JAR SECTION
1207,1207,GAZAL GARLIC POWDER JAR 300g,NOOR GAZAL GARLIC POWDER JAR 300g,FINISHED GOODS,GARLIC FLAKES,SPICES,JAR,POWDER,300,JAR SECTION
1208,1208,GAZAL GINGER POWDER JAR 225g,NOOR GAZAL GINGER POWDER JAR 225g,FINISHED GOODS,GINGER POWDER,SPICES,JAR,POWDER,225,JAR SECTION
1210,1210,GAZAL LEMON POWDER JAR 250g,NOOR GAZAL LEMON POWDER JAR 250g,FINISHED GOODS,LEMON POWDER,SPICES,JAR,POWDER,250,JAR SECTION
1213,1213,GAZAL SAMBAR MASALA JAR 250g,NOOR GAZAL SAMBAR MASALA JAR 250g,FINISHED GOODS,SAMBAR POWDER,SPICES,JAR,POWDER,250,JAR SECTION
1215,1215,GAZAL TURMERIC POWDER JAR 300g,NOOR GAZAL TURMERIC POWDER JAR 300g,FINISHED GOODS,TURMERIC POWDER,SPICES,JAR,POWDER,300,JAR SECTION
1218,1218,GAZAL BROAD BEANS 1 KG,NOOR GAZAL BROAD BEANS 1 KG,FINISHED GOODS,BROAD BEANS,PEAS & LENTILES,PILLOW,WHOLE,1000,FFS DAL
1221,1221,GAZAL BLACK CHANA 1 KG,NOOR GAZAL BLACK CHANA 1 KG,FINISHED GOODS,BLACK CHANA,PEAS & LENTILES,PILLOW,WHOLE,1000,FFS DAL
1222,1222,GAZAL BLACK CHANA 500 GM,NOOR GAZAL BLACK CHANA 500 GM,FINISHED GOODS,BLACK CHANA,PEAS & LENTILES,PILLOW,WHOLE,500,FFS DAL
1225,1225,GAZAL BLACK EYE BEANS 1 KG,NOOR GAZAL BLACK EYE BEANS 1 KG,FINISHED GOODS,BLACK EYE BEANS,PEAS & LENTILES,PILLOW,WHOLE,1000,FFS DAL
,1226,GAZAL BLACK EYE BEANS 700 GM,NOOR GAZAL BLACK EYE BEANS 700 GM,FINISHED GOODS,BLACK EYE BEANS,PEAS & LENTILES,PILLOW,WHOLE,700,FFS DAL
1227,1227,GAZAL BLACK EYE BEANS 500 GM,NOOR GAZAL BLACK EYE BEANS 500 GM,FINISHED GOODS,BLACK EYE BEANS,PEAS & LENTILES,PILLOW,WHOLE,500,FFS DAL
1231,1231,GAZAL CHANA DAL 1 KG,NOOR GAZAL CHANA DAL 1 KG,FINISHED GOODS,CHANA DAL,PEAS & LENTILES,PILLOW,WHOLE,1000,FFS DAL
1232,1232,GAZAL CHANA DAL 500 GM,NOOR GAZAL CHANA DAL 500 GM,FINISHED GOODS,CHANA DAL,PEAS & LENTILES,PILLOW,WHOLE,500,FFS DAL
1234,1234,GAZAL CHANA DAL 200 GM,NOOR GAZAL CHANA DAL 200 GM,FINISHED GOODS,CHANA DAL,PEAS & LENTILES,PILLOW,WHOLE,200,NUTS SECTION
1236,1236,GAZAL FASOOLIYA 1 KG,NOOR GAZAL FASOOLIYA 1 KG,FINISHED GOODS,FASOOLIYA,SPICES,PILLOW,WHOLE,1000,NEW TABLE
1239,1239,GAZAL GREEN PEAS 1 KG,NOOR GAZAL GREEN PEAS 1 KG,FINISHED GOODS,GREEN PEAS,PEAS & LENTILES,PILLOW,WHOLE,1000,FFS DAL
1240,1240,GAZAL GREEN PEAS 500 GM,NOOR GAZAL GREEN PEAS 500 GM,FINISHED GOODS,GREEN PEAS,PEAS & LENTILES,PILLOW,WHOLE,500,FFS DAL
1243,1243,GAZAL MASOOR DAL 1 KG,NOOR GAZAL MASOOR DAL 1 KG,FINISHED GOODS,MASOOR DAL,PEAS & LENTILES,PILLOW,WHOLE,1000,FFS DAL
1244,1244,GAZAL MASOOR DAL 700 GM,NOOR GAZAL MASOOR DAL 700 GM,FINISHED GOODS,MASOOR DAL,PEAS & LENTILES,PILLOW,WHOLE,700,FFS DAL
1245,1245,GAZAL MASOOR DAL 500 GM,NOOR GAZAL MASOOR DAL 500 GM,FINISHED GOODS,MASOOR DAL,PEAS & LENTILES,PILLOW,WHOLE,500,FFS DAL
1249,1249,GAZAL MASUR WHOLE 1 KG,NOOR GAZAL MASUR WHOLE 1 KG,FINISHED GOODS,MASOOR WHOLE,PEAS & LENTILES,PILLOW,WHOLE,1000,FFS DAL
1250,1250,GAZAL MASUR WHOLE 700 GM,NOOR GAZAL MASUR WHOLE 700 GM,FINISHED GOODS,MASOOR WHOLE,PEAS & LENTILES,PILLOW,WHOLE,700,FFS DAL
1253,1253,GAZAL MUNG SPLIT 1 KG,NOOR GAZAL MUNG SPLIT 1 KG,FINISHED GOODS,MOONG SPLIT,PEAS & LENTILES,PILLOW,WHOLE,1000,FFS DAL
1254,1254,GAZAL MUNG SPLIT 700 GM,NOOR GAZAL MUNG SPLIT 700 GM,FINISHED GOODS,MOONG SPLIT,PEAS & LENTILES,PILLOW,WHOLE,700,FFS DAL
1257,1257,GAZAL MUNG WHOLE 1 KG,NOOR GAZAL MUNG WHOLE 1 KG,FINISHED GOODS,MOONG WHOLE,PEAS & LENTILES,PILLOW,WHOLE,1000,FFS DAL
1258,1258,GAZAL MASOOR DAL 200 GM,NOOR GAZAL MASOOR DAL 200 GM,FINISHED GOODS,MASOOR DAL,PEAS & LENTILES,PILLOW,WHOLE,200,NUTS SECTION
1262,1262,GAZAL MUNG DAL 1 KG,NOOR GAZAL MUNG DAL 1 KG,FINISHED GOODS,MOONG DAL,PEAS & LENTILES,PILLOW,WHOLE,1000,FFS DAL
,1263,GAZAL MUNG DAL 700 GM,NOOR GAZAL MUNG DAL 700 GM,FINISHED GOODS,MOONG DAL,PEAS & LENTILES,PILLOW,WHOLE,700,FFS DAL
1264,1264,GAZAL MUNG DAL 500 GM,NOOR GAZAL MUNG DAL 500 GM,FINISHED GOODS,MOONG DAL,PEAS & LENTILES,PILLOW,WHOLE,500,FFS DAL
1268,1268,GAZAL R.K. BEANS 1 KG,NOOR GAZAL R.K. BEANS 1 KG,FINISHED GOODS,R.K. BEANS,PEAS & LENTILES,PILLOW,WHOLE,1000,FFS DAL
1269,1269,GAZAL R.K. BEANS 700 GM,NOOR GAZAL R.K. BEANS 700 GM,FINISHED GOODS,R.K BEANS,PEAS & LENTILES,PILLOW,WHOLE,700,FFS DAL
1273,1273,GAZAL ROASTED CHANA 500 GM,NOOR GAZAL ROASTED CHANA 500 GM,FINISHED GOODS,ROASTED CHANA,NUTS & DRY FRUITS,PILLOW,WHOLE,500,NUTS SECTION
1275,1275,GAZAL ROASTED CHANA 200 GMS,NOOR GAZAL ROASTED CHANA 200 GMS,FINISHED GOODS,ROASTED CHANA,NUTS & DRY FRUITS,PILLOW,WHOLE,200,NUTS SECTION
1277,1277,GAZAL ROSE MUNG 1 KG,NOOR GAZAL ROSE MUNG 1 KG,FINISHED GOODS,ROSE MUNG,PEAS & LENTILES,PILLOW,WHOLE,1000,FFS DAL
1278,1278,GAZAL ROSE MUNG 700 GM,NOOR GAZAL ROSE MUNG 700 GM,FINISHED GOODS,ROSE MUNG,PEAS & LENTILES,PILLOW,WHOLE,700,FFS DAL
1279,1279,GAZAL ROSE MUNG 500 GM,NOOR GAZAL ROSE MUNG 500 GM,FINISHED GOODS,ROSE MUNG,PEAS & LENTILES,PILLOW,WHOLE,500,FFS DAL
1282,1282,GAZAL TOOR DAL 1 KG,NOOR GAZAL TOOR DAL 1 KG,FINISHED GOODS,TOOR DAL,PEAS & LENTILES,PILLOW,WHOLE,1000,FFS DAL
1284,1284,GAZAL TOOR DAL 500 GM,NOOR GAZAL TOOR DAL 500 GM,FINISHED GOODS,TOOR DAL,PEAS & LENTILES,PILLOW,WHOLE,500,FFS DAL
1288,1288,GAZAL URID DAL 1 KG,NOOR GAZAL URID DAL 1 KG,FINISHED GOODS,URID DAL,PEAS & LENTILES,PILLOW,WHOLE,1000,FFS DAL
1290,1290,GAZAL URID DAL 500 GM,NOOR GAZAL URID DAL 500 GM,FINISHED GOODS,URID DAL,PEAS & LENTILES,PILLOW,WHOLE,500,FFS DAL
1292,1292,GAZAL URID DAL 200 GM,NOOR GAZAL URID DAL 200 GM,FINISHED GOODS,URID AL,PEAS & LENTILES,PILLOW,WHOLE,200,NUTS SECTION
1294,1294,GAZAL URID WHOLE (BLACK) 1 KG,NOOR GAZAL URID WHOLE (BLACK) 1 KG,FINISHED GOODS,URID WHOLE (BLACK),PEAS & LENTILES,PILLOW,WHOLE,1000,FFS DAL
1300,1300,GAZAL WHITE CHANA 14MM 1 KG,NOOR GAZAL WHITE CHANA 14MM 1 KG,FINISHED GOODS,WHITE CHANA 14.MM,PEAS & LENTILES,PILLOW,WHOLE,1000,FFS DAL
1301,1301,GAZAL WHITE CHANA 14MM 700 GM,NOOR GAZAL WHITE CHANA 14MM 700 GM,FINISHED GOODS,WHITE CHANA 14.MM,PEAS & LENTILES,PILLOW,WHOLE,700,FFS DAL
1302,1302,GAZAL WHITE CHANA 14MM 500 GM,NOOR GAZAL WHITE CHANA 14MM 500 GM,FINISHED GOODS,WHITE CHANA 14.MM,PEAS & LENTILES,PILLOW,WHOLE,500,FFS DAL
1309,1309,GAZAL URID SPLIT 1 KG,NOOR GAZAL URID SPLIT 1 KG,FINISHED GOODS,URID SPLIT,PEAS & LENTILES,PILLOW,WHOLE,1000,FFS DAL
1310,1310,GAZAL URID SPLIT 700 GM,NOOR GAZAL URID SPLIT 700 GM,FINISHED GOODS,URID SPLIT,PEAS & LENTILES,PILLOW,WHOLE,700,FFS DAL
1313,1313,GAZAL BLACK PEPPER POWDER 1 KG,NOOR GAZAL BLACK PEPPER POWDER 1 KG,FINISHED GOODS,BLACK PEPPER POWDER,SPICES,PILLOW,POWDER,1000,MASALA TABLE
,1314,,NOOR GAZAL   BLACK PEPPER POWDER 500 GM,FINISHED GOODS,BLACK PEPPER POWDER,SPICES,PILLOW,POWDER,500,MASALA TABLE
1318,1318,GAZAL BLACK PEPPER POWDER 150 GM,NOOR GAZAL BLACK PEPPER POWDER 150 GM,FINISHED GOODS,BLACK PEPPER POWDER,SPICES,PILLOW,POWDER,150,FFS MASALA
1326,1326,GAZAL CHICKEN MASALA 500 GM,NOOR GAZAL CHICKEN MASALA 500 GM,FINISHED GOODS,CHICKEN MASALA POWDER,SPICES,PILLOW,POWDER,500,JAR SECTION
1327,1327,GAZAL CHICKEN MASALA 1 KG,NOOR GAZAL CHICKEN MASALA 1 KG,FINISHED GOODS,CHICKEN MASALA POWDER,SPICES,PILLOW,POWDER,1000,JAR SECTION
1328,1328,GAZAL CHILLI POWDER 400 GM,NOOR GAZAL CHILLI POWDER 400 GM,FINISHED GOODS,CHILLI POWDER,SPICES,PILLOW,POWDER,400,FFS MASALA
1332,1332,GAZAL CHILLI POWDER 4 KG,NOOR GAZAL CHILLI POWDER 4 KG,FINISHED GOODS,CHILLI POWDER,SPICES,PILLOW,POWDER,4000,FFS MASALA
,1333,,NOOR GAZAL CHILLI POWDER 1 KG,FINISHED GOODS,CHILLI POWDER,SPICES,PILLOW,POWDER,1000,FFS MASALA
1334,1334,GAZAL CHILLI POWDER 500 GM,NOOR GAZAL CHILLI POWDER 500 GM,FINISHED GOODS,CHILLI POWDER,SPICES,PILLOW,POWDER,500,FFS MASALA
1339,1339,GAZAL CINNAMON POWDER 400 GM,NOOR GAZAL CINNAMON POWDER 400 GM,FINISHED GOODS,CINNAMON POWDER,SPICES,PILLOW,POWDER,400,MASALA TABLE
1347,1347,GAZAL CLOVES POWDER 100 GM,NOOR GAZAL CLOVES POWDER 100 GM,FINISHED GOODS,CLOVES POWDER,SPICES,PILLOW,WHOLE,100,MASALA TABLE
1352,1352,GAZAL CORIANDER POWDER 800 GM,NOOR GAZAL CORIANDER POWDER 800 GM,FINISHED GOODS,CORIANDER POWDER,SPICES,PILLOW,POWDER,800,FFS MASALA
1353,1353,GAZAL CORIANDER POWDER 400 GM,NOOR GAZAL CORIANDER POWDER 400 GM,FINISHED GOODS,CORIANDER POWDER,SPICES,PILLOW,POWDER,400,FFS MASALA
,1355,GAZAL CORIANDER POWDER 100 GM,NOOR GAZAL CORIANDER POWDER 100 GM,FINISHED GOODS,CORIANDER POWDER,SPICES,PILLOW,POWDER,100,FFS MASALA
1358,1358,GAZAL GARAM MASALA 1 KG,NOOR GAZAL GARAM MASALA 1 KG,FINISHED GOODS,GARAM MASALA,SPICES,PILLOW,POWDER,1000,MASALA TABLE
1359,1359,GAZAL GARAM MASALA 500 GM,NOOR GAZAL GARAM MASALA 500 GM,FINISHED GOODS,GARAM MASALA POWDER,SPICES,PILLOW,POWDER,500,FFS MASALA
1367,1367,GAZAL GINGER POWDER 500 GM,NOOR GAZAL GINGER POWDER 500 GM,FINISHED GOODS,GINGER POWDER,SPICES,PILLOW,POWDER,500,MASALA TABLE
,1374,,NOOR GAZAL JEERA POWDER 500 GM,FINISHED GOODS,JEERA POWDER,SPICES,PILLOW,POWDER,500,MASALA TABLE
,1379,GAZAL MEAT MASALA 1 KG,NOOR GAZAL MEAT MASALA 1 KG,FINISHED GOODS,MEAT MASALA POWDER,SPICES,PILLOW,POWDER,1000,JAR SECTION
1380,1380,GAZAL MEAT MASALA 500 GM,NOOR GAZAL MEAT MASALA 500 GM,FINISHED GOODS,MEAT MASALA POWDER,SPICES,PILLOW,POWDER,500,JAR SECTION
1381,1381,GAZAL MIX MASALA 350 GM,NOOR GAZAL MIX MASALA 350 GM,FINISHED GOODS,MIX MASALA,SPICES,PILLOW,POWDER,350,FFS MASALA
1386,1386,GAZAL OMANI MASALA 800 GM,NOOR GAZAL OMANI MASALA 800 GM,FINISHED GOODS,OMANI MASALA,SPICES,PILLOW,POWDER,800,FFS MASALA
1387,1387,GAZAL OMANI MASALA 600 GM,NOOR GAZAL OMANI MASALA 600 GM,FINISHED GOODS,OMANI MASALA,SPICES,PILLOW,POWDER,600,FFS MASALA
1390,1390,GAZAL SAMBAR MASALA 500 GM,NOOR GAZAL SAMBAR MASALA 500 GM,FINISHED GOODS,SAMBAR POWDER,SPICES,PILLOW,POWDER,500,JAR SECTION
,1395,GAZAL TURMERIC POWDER 4 KG,NOOR GAZAL TURMERIC POWDER 4 KG,FINISHED GOODS,TURMERIC POWDER,SPICES,PILLOW,POWDER,4000,FFS MASALA
1396,1396,GAZAL TURMERIC POWDER 1 KG,NOOR GAZAL TURMERIC POWDER 1 KG,FINISHED GOODS,TURMERIC POWDER,SPICES,PILLOW,POWDER,1000,FFS MASALA
1397,1397,GAZAL TURMERIC POWDER 500 GM,NOOR GAZAL TURMERIC POWDER 500 GM,FINISHED GOODS,TURMERIC POWDER,SPICES,PILLOW,POWDER,500,FFS MASALA
,1399,GAZAL TURMERIC POWDER 100 GM,NOOR GAZAL TURMERIC POWDER 100 GM,FINISHED GOODS,TURMERIC POWDER,SPICES,PILLOW,POWDER,100,FFS MASALA
1409,1409,GAZAL CORIANDER POWDER 3 KG,NOOR GAZAL CORIANDER POWDER 3 KG,FINISHED GOODS,CORIANDER POWDER,SPICES,PILLOW,POWDER,3000,FFS MASALA
1410,1410,GAZAL BLACK PEPPER 1 KG,NOOR GAZAL BLACK PEPPER 1 KG,FINISHED GOODS,BLACK PEPPER,SPICES,PILLOW,WHOLE,1000,NUTS SECTION
,1411,GAZAL BLACK PEPPER 500 GMS,NOOR GAZAL BLACK PEPPER 500 GMS,FINISHED GOODS,BLACK PEPPER,SPICES,PILLOW,WHOLE,500,NUTS SECTION
1414,1414,GAZAL OMANI MASALA 4 KG,NOOR GAZAL OMANI MASALA 4 KG,FINISHED GOODS,OMANI MASALA,SPICES,PILLOW,POWDER,4000,MASALA TABLE
1419,1419,GAZAL CARDAMOM 500 GMS,NOOR GAZAL CARDAMOM 500 GMS,FINISHED GOODS,CARDAMOM,SPICES,PILLOW,WHOLE,500,NUTS SECTION
,1424,,NOOR GAZAL CARDAMOM 20 GM,FINISHED GOODS,CARDAMOM,SPICES,PILLOW,WHOLE,20,NUTS SECTION
,1431,GAZAL CINNAMON 40 GMS,NOOR GAZAL CINNAMON 40 GMS,FINISHED GOODS,CINNAMON PACKING,SPICES,PILLOW,WHOLE,40,OMANI AKKA
1436,1436,GAZAL CLOVES 100 GM,NOOR GAZAL CLOVES 100 GM,FINISHED GOODS,CLOVES,SPICES,PILLOW,WHOLE,100,NUTS SECTION
1452,1452,GAZAL CUMIN SEEDS 150 GM,NOOR GAZAL CUMIN SEEDS 150 GM,FINISHED GOODS,CUMIN SEEDS,SPICES,PILLOW,WHOLE,150,FFS DAL
,1453,GAZAL CUMIN SEEDS 40 GM,NOOR GAZAL CUMIN SEEDS 40 GM,FINISHED GOODS,CUMIN SEED,SPICES,PILLOW,WHOLE,40,NUTS SECTION
1457,1457,GAZAL OMANI MASALA PAPER POUCH 700GMS,NOOR GAZAL OMANI MASALA PAPER POUCH 700GMS,FINISHED GOODS,OMANI MASALA,SPICES,PILLOW,WHOLE,700,MASALA TABLE
1458,1458,GAZAL KAHWA SEELANIYA 800 GM,NOOR GAZAL KAHWA SEELANIYA 800 GM,FINISHED GOODS,KAWA SEELANIA,OMANI COFFEE,PILLOW,POWDER,800,KAHWA SECTION
1466,1466,GAZAL FENUGREEK 1 KG,NOOR GAZAL FENUGREEK 1 KG,FINISHED GOODS,FENUGREEK,SPICES,PILLOW,WHOLE,1000,KAHWA SECTION
1467,1467,GAZAL FENUGREEK 500GM,NOOR GAZAL FENUGREEK 500GM,FINISHED GOODS,FENUGREEK,SPICES,PILLOW,WHOLE,500,FFS DAL
1468,1468,GAZAL FENUGREEK 200 GM,NOOR GAZAL FENUGREEK 200 GM,FINISHED GOODS,FENUGREEK,SPICES,PILLOW,WHOLE,200,FFS DAL
1481,1481,GAZAL LONG CHILLI 30 GM,NOOR GAZAL LONG CHILLI 30 GM,FINISHED GOODS,LONG CHILLI STEM CUT,SPICES,PILLOW,WHOLE,30,MASALA TABLE
1486,1486,GAZAL MUSTARD SEEDS 1 KG,NOOR GAZAL MUSTARD SEEDS 1 KG,FINISHED GOODS,MUSTARD SEEDS,SPICES,PILLOW,WHOLE,1000,NUTS SECTION
1487,1487,GAZAL MUSTARD SEEDS 500 GM,NOOR GAZAL MUSTARD SEEDS 500 GM,FINISHED GOODS,MUSTARD SEEDS,SPICES,PILLOW,WHOLE,500,FFS DAL
1488,1488,GAZAL MUSTARD SEEDS 200 GM,NOOR GAZAL MUSTARD SEEDS 200 GM,FINISHED GOODS,MUSTARD SEEDS,SPICES,PILLOW,WHOLE,200,FFS DAL
1489,1489,GAZAL MUSTARD SEEDS 100 GM,NOOR GAZAL MUSTARD SEEDS 100 GM,FINISHED GOODS,MUSTARD SEEDS,SPICES,PILLOW,WHOLE,100,NUTS SECTION
,1492,,NOOR GAZAL NUT MEGS 70 GM,FINISHED GOODS,NUT MEG,SPICES,PILLOW,WHOLE,70,OMANI AKKA
1499,1499,GAZAL ROUND CHILLI 200 GM,NOOR GAZAL ROUND CHILLI 200 GM,FINISHED GOODS,ROUND CHILLI,SPICES,PILLOW,WHOLE,200,MASALA TABLE
1501,1501,GAZAL ROUND CHILLI 100 GM,NOOR GAZAL ROUND CHILLI 100 GM,FINISHED GOODS,ROUND CHILLI,SPICES,PILLOW,WHOLE,100,MASALA TABLE
1505,1505,GAZAL LONG CHILLI 200 GM,NOOR GAZAL LONG CHILLI 200 GM,FINISHED GOODS,LONG CHILLI STEM CUT,SPICES,PILLOW,WHOLE,200,MASALA TABLE
,1515,,NOOR GAZAL TESH PATHA 25 GM,FINISHED GOODS,TESH PATHA,SPICES,PILLOW,WHOLE,25,OMANI AKKA
,1516,GAZAL GRAMFLOUR 800 GM,NOOR GAZAL GRAMFLOUR 800 GM,FINISHED GOODS,GRAM FLOUR,CEREALS & FLOUR,PILLOW,POWDER,800,FFS MASALA
1520,1520,GAZAL WHITE CHANA 14MM 2 KG,NOOR GAZAL WHITE CHANA 14MM 2 KG,FINISHED GOODS,WHITE CHANA 14.MM,PEAS & LENTILES,PILLOW,WHOLE,2000,FFS DAL
1521,1521,GAZAL MASOOR DAL 2 KG,NOOR GAZAL MASOOR DAL 2 KG,FINISHED GOODS,MASOOR DAL,PEAS & LENTILES,PILLOW,WHOLE,2000,FFS DAL
1522,1522,GAZAL BLACK EYE BEANS 2 KG,NOOR GAZAL BLACK EYE BEANS 2 KG,FINISHED GOODS,BLACK EYE BEANS,PEAS & LENTILES,PILLOW,WHOLE,2000,FFS DAL
1525,1525,GAZAL MUNG WHOLE 2 KG,NOOR GAZAL MUNG WHOLE 2 KG,FINISHED GOODS,MOONG WHOLE,PEAS & LENTILES,PILLOW,WHOLE,2000,FFS DAL
1533,1533,GAZAL URID WHOLE (WHITE) 1 KG,NOOR GAZAL URID WHOLE (WHITE) 1 KG,FINISHED GOODS,URID WHOLE (WHITE),PEAS & LENTILES,PILLOW,WHOLE,1000,FFS DAL
1534,1534,GAZAL CINNAMON POWDER 150 GM,NOOR GAZAL CINNAMON POWDER 150 GM,FINISHED GOODS,CINNAMON POWDER,SPICES,PILLOW,POWDER,150,MASALA TABLE
1538,1538,GAZAL SEMOLINA 500 GM,NOOR GAZAL SEMOLINA 500 GM,FINISHED GOODS,SEMOLINA,CEREALS & FLOUR,PILLOW,POWDER,500,MASALA TABLE
1539,1539,GAZAL DESICCATED COCONUT 1KG,NOOR GAZAL DESICCATED COCONUT 1KG,FINISHED GOODS,DES COCONUT,OTHER ITEMS,PILLOW,,1000,KAHWA SECTION
,1540,GAZAL DESICCATED COCONUT 600 GM,NOOR GAZAL DESICCATED COCONUT 600 GM,FINISHED GOODS,DES COCONUT,OTHER ITEMS,PILLOW,,600,KAHWA SECTION
1541,1541,GAZAL DESICCATED COCONUT 500 GM,NOOR GAZAL DESICCATED COCONUT 500 GM,FINISHED GOODS,DES COCONUT,OTHER ITEMS,PILLOW,,500,KAHWA SECTION
,1543,GAZAL DESICCATED COCONUT 300 GM,NOOR GAZAL DESICCATED COCONUT 300 GM,FINISHED GOODS,DES COCONUT,OTHER ITEMS,PILLOW,,300,KAHWA SECTION
1549,1549,GAZAL HUB AL HAMRA 200 GM,NOOR GAZAL HUB AL HAMRA 200 GM,FINISHED GOODS,HUB AL HAMRA,OTHER ITEMS,PILLOW,WHOLE,200,KAHWA SECTION
1558,1558,GAZAL CASHEW NUTS BROKEN 1 KG,NOOR GAZAL CASHEW NUTS BROKEN 1 KG,FINISHED GOODS,CASHEW BROCKEN,NUTS & DRY FRUITS,PILLOW,WHOLE,1000,NUTS SECTION
1560,1560,GAZAL HORSE GRAM 1 KG,NOOR GAZAL HORSE GRAM 1 KG,FINISHED GOODS,HORSE GRAM,CEREALS & FLOUR,PILLOW,WHOLE,1000,FFS DAL
1562,1562,GAZAL SAGU SEED 1 KG,NOOR GAZAL SAGU SEED 1 KG,FINISHED GOODS,SAGU SEEDS,OTHER ITEMS,PILLOW,WHOLE,1000,FFS DAL
,1564,GAZAL FENNEL SEEDS 1 KG,NOOR GAZAL FENNEL SEEDS 1 KG,FINISHED GOODS,FENNEL SEED,SPICES,PILLOW,WHOLE,1000,NUTS SECTION
,1566,,NOOR GAZAL FENNEL SEEDS 40 GM,FINISHED GOODS,FENNEL SEED,SPICES,PILLOW,WHOLE,40,NUTS SECTION
1569,1569,GAZAL CORIANDER POWDER 400 GM (VAN),NOOR GAZAL CORIANDER POWDER 400 GM (VAN),FINISHED GOODS,CORIANDER POWDER,SPICES,PILLOW,POWDER,400,FFS MASALA
1573,1573,GAZAL BAKING SODA 500 GM,NOOR GAZAL BAKING SODA 500 GM,FINISHED GOODS,BAKING SODA,OTHER ITEMS,PILLOW,WHOLE,500,MASALA TABLE
1575,1575,GAZAL BAKING SODA 100 GM,NOOR GAZAL BAKING SODA 100 GM,FINISHED GOODS,BAKING SODA,OTHER ITEMS,PILLOW,WHOLE,100,MASALA TABLE
1577,1577,GAZAL CASHEW NUTS PREMIUM 200 GM,NOOR GAZAL CASHEW NUTS PREMIUM 200 GM,FINISHED GOODS,CASHEW NUTS W 240,NUTS & DRY FRUITS,PILLOW,WHOLE,200,NUTS SECTION
1578,1578,GAZAL MUNG SPLIT 500 GM,NOOR GAZAL MUNG SPLIT 500 GM,FINISHED GOODS,MOONG SPLIT,PEAS & LENTILES,PILLOW,WHOLE,500,FFS DAL
1579,1579,GAZAL MUNG WHOLE 500 GM,NOOR GAZAL MUNG WHOLE 500 GM,FINISHED GOODS,MOONG WHOLE,PEAS & LENTILES,PILLOW,WHOLE,500,FFS DAL
1590,1590,GAZAL OMANI MASALA WHOLE 1 KG,NOOR GAZAL OMANI MASALA WHOLE 1 KG,FINISHED GOODS,OMANI MASALA,SPICES,PILLOW,WHOLE,1000,OMANI AKKA
1591,1591,GAZAL OMANI MASALA 400 GM,NOOR GAZAL OMANI MASALA 400 GM,FINISHED GOODS,OMANI MASALA,SPICES,PILLOW,POWDER,400,FFS MASALA
1592,1592,GAZAL RICE FLOUR 15 KG,NOOR GAZAL RICE FLOUR 15 KG,FINISHED GOODS,RICE FLOUR,CEREALS & FLOUR,BAG,POWDER,15000,MASALA TABLE
1606,1606,GAZAL OMANI MASALA WHOLE 350 GM,NOOR GAZAL OMANI MASALA WHOLE 350 GM,FINISHED GOODS,OMANI MASALA,SPICES,PILLOW,WHOLE,350,OMANI AKKA
1619,1619,GAZAL JAGGERY 400 GM SP OFF,NOOR GAZAL JAGGERY 400 GM SP OFF,FINISHED GOODS,JAGGERY,OTHER ITEMS,PILLOW,WHOLE,400,NUTS SECTION
,1620,GAZAL ROASTED CASHEW NUTS 400 GM,NOOR GAZAL ROASTED CASHEW NUT 400 GM,FINISHED GOODS,ROASTED CASHEW NUT,NUTS & DRY FRUITS,PILLOW,WHOLE,400,NUTS SECTION
1624,1624,GAZAL GINGER POWDER 400 GM,NOOR GAZAL GINGER POWDER 400 GM,FINISHED GOODS,GINGER POWDER,SPICES,PILLOW,POWDER,400,MASALA TABLE
1634,1634,GAZAL CHANA DAL 700 GM,NOOR GAZAL CHANA DAL 700 GM,FINISHED GOODS,CHANA DAL,PEAS & LENTILES,PILLOW,WHOLE,700,FFS DAL
,1640,GAZAL MIX MASALA 300 GM,NOOR GAZAL MIX MASALA 300 GM,FINISHED GOODS,MIX MASALA,SPICES,PILLOW,POWDER,300,FFS MASALA
1645,1645,GAZAL HORSE GRAM 500 GM,NOOR GAZAL HORSE GRAM 500 GM,FINISHED GOODS,HORSE GRAM,CEREALS & FLOUR,PILLOW,WHOLE,500,FFS DAL
1648,1648,GAZAL FISH MASALA 500 GM,NOOR GAZAL FISH MASALA 500 GM,FINISHED GOODS,FISH MASALA,SPICES,PILLOW,POWDER,500,JAR SECTION
1660,1660,GAZAL MASUR WHOLE 500 GM,NOOR GAZAL MASUR WHOLE 500 GM,FINISHED GOODS,MASOOR WHOLE,PEAS & LENTILES,PILLOW,WHOLE,500,FFS DAL
,1664,,NOOR GAZAL FENNEL SEEDS 500 GM,FINISHED GOODS,FENNEL SEED,SPICES,PILLOW,WHOLE,500,NUTS SECTION
1679,1679,GAZAL CHILLI POWDER 200 GM,NOOR GAZAL CHILLI POWDER 200 GM,FINISHED GOODS,CHILLI POWDER,SPICES,PILLOW,POWDER,200,FFS MASALA
1680,1680,GAZAL CORIANDER POWDER 150 GM,NOOR GAZAL CORIANDER POWDER 150 GM,FINISHED GOODS,CORIANDER POWDER,SPICES,PILLOW,POWDER,150,FFS MASALA
1681,1681,GAZAL TURMERIC POWDER 200 GM,NOOR GAZAL TURMERIC POWDER 200 GM,FINISHED GOODS,TURMERIC POWDER,SPICES,PILLOW,POWDER,200,FFS MASALA
1682,1682,GAZAL JEERA POWDER 200 GM,NOOR GAZAL JEERA POWDER 200 GM,FINISHED GOODS,JEERA POWDER,SPICES,PILLOW,POWDER,200,FFS MASALA
1683,1683,GAZAL GINGER POWDER PREMIUM 200 GMS,NOOR GAZAL GINGER POWDER PREMIUM 200 GMS,FINISHED GOODS,GINGER POWDER,SPICES,PILLOW,POWDER,200,FFS MASALA
1684,1684,GAZAL GARAM MASALA 200GM,NOOR GAZAL GARAM MASALA 200GM,FINISHED GOODS,GARAM MASALA POWDER,SPICES,PILLOW,POWDER,200,FFS MASALA
1685,1685,GAZAL R.K. BEANS 1.5 KG,NOOR GAZAL R.K. BEANS 1.5 KG,FINISHED GOODS,R.K BEANS,PEAS & LENTILES,PILLOW,WHOLE,1500,FFS DAL
1686,1686,GAZAL ROASTED CASHEW NUTS 200 GM,NOOR GAZAL ROASTED CASHEW NUTS 200 GM,FINISHED GOODS,ROASTED CASHEW NUTS,NUTS & DRY FRUITS,PILLOW,WHOLE,200,NUTS SECTION
1690,1690,GAZAL GOLDEN RAISINS 200 GM,NOOR GAZAL GOLDEN RAISINS 200 GM,FINISHED GOODS,GOLDEN RAISINS,NUTS & DRY FRUITS,PILLOW,WHOLE,200,NUTS SECTION
1695,1695,GAZAL TAKKOLAM 50 GRM,NOOR GAZAL TAKKOLAM 50 GRM,FINISHED GOODS,THAKOLAM,SPICES,PILLOW,WHOLE,50,OMANI AKKA
1696,1696,GAZAL CARDAMOM 400 GM,NOOR GAZAL CARDAMOM 400 GM,FINISHED GOODS,CARDAMOM,SPICES,PILLOW,WHOLE,400,FFS DAL
1697,1697,GAZAL CASHEW NUTS BROKEN( 500 GM),NOOR GAZAL CASHEW NUTS BROKEN 500 GM,FINISHED GOODS,CASHEW BROCKEN,NUTS & DRY FRUITS,PILLOW,WHOLE,500,NUTS SECTION
1698,1698,GAZAL CARDAMOM 150 GM,NOOR GAZAL CARDAMOM 150 GM,FINISHED GOODS,CARDAMOM,SPICES,PILLOW,WHOLE,150,FFS DAL
1702,1702,GAZAL SAGU 500 GM,NOOR GAZAL SAGU 500 GM,FINISHED GOODS,SAGU SEEDS,OTHER ITEMS,PILLOW,WHOLE,500,FFS DAL
1705,1705,GAZAL CLOVES 400 GM,NOOR GAZAL CLOVES 400 GM,FINISHED GOODS,CLOVES,SPICES,PILLOW,WHOLE,400,NUTS SECTION
1708,1708,GAZAL JEERA POWDER 4 KG,NOOR GAZAL JEERA POWDER 4 KG,FINISHED GOODS,CUMIN POWDER,SPICES,PILLOW,POWDER,4000,MASALA TABLE
1712,1712,GAZAL RAGGI SEEDS 500 GM,NOOR GAZAL RAGGI SEEDS 500 GM,FINISHED GOODS,RAGGI SEEDS,CEREALS & FLOUR,PILLOW,WHOLE,500,NUTS SECTION
1715,1715,GAZAL ROASTED GRAM 1 KG,NOOR GAZAL ROASTED GRAM 1 KG,FINISHED GOODS,ROASTED GRAM,NUTS & DRY FRUITS,PILLOW,WHOLE,1000,NUTS SECTION
,1717,GAZAL ZAHTER POWDER 200 GM,NOOR GAZAL ZAHTER POWDER 200 GM,FINISHED GOODS,ZAHTER POWDER,SPICES,PILLOW,POWDER,200,MASALA TABLE
1719,1719,GAZAL CORN FLOUR 500 GRM,NOOR GAZAL CORN FLOUR 500 GRM,FINISHED GOODS,CORN FLOUR,CEREALS & FLOUR,PILLOW,POWDER,500,MASALA TABLE
,1721,GAZAL BROAD BEANS 700 GM,NOOR GAZAL BROAD BEANS 700 GM,FINISHED GOODS,BROAD BEANS,PEAS & LENTILES,PILLOW,WHOLE,700,FFS DAL
,1724,GAZAL CASHEW NUTS 400 GM,NOOR GAZAL CASHEW NUTS 400 GM SP OFFER,FINISHED GOODS,CASHEW NUTS W 240,NUTS & DRY FRUITS,PILLOW,WHOLE,400,NUTS SECTION
,1749,,NOOR GAZAL ALMONDS 100 GM,FINISHED GOODS,ALMONDS 20/22 .68,NUTS & DRY FRUITS,PILLOW,WHOLE,100,NUTS SECTION
1778,1778,GAZAL CASHEW NUTS 100 GM,NOOR GAZAL CASHEW NUT 100 GM,FINISHED GOODS,CASHEW NUTS W 240,NUTS & DRY FRUITS,PILLOW,WHOLE,100,NUTS SECTION
1792,1792,GAZAL URID WHOLE (WHITE) 500 GM,NOOR GAZAL URID WHOLE (WHITE) 500 GM,FINISHED GOODS,URID WHOLE (WHITE),PEAS & LENTILES,PILLOW,WHOLE,500,FFS DAL
1813,1813,GAZAL CHILLI POWDER 150 GM,NOOR GAZAL CHILLI POWDER 150 GM,FINISHED GOODS,CHILLI POWDER,SPICES,PILLOW,POWDER,150,FFS MASALA
1821,1821,GAZAL SOYA WADI 200 GM,NOOR GAZAL SOYA WADI 200 GM,FINISHED GOODS,SOYAWADI,OTHER ITEMS,PILLOW,WHOLE,200,NUTS SECTION
1835,1835,GAZAL SESAME SEEDS 200 GM,NOOR GAZAL SESAME SEEDS 200 GM,FINISHED GOODS,SESAME SEEDS,CEREALS & FLOUR,PILLOW,WHOLE,200,NUTS SECTION
1844,1844,GAZAL WHITE CHANA 14MM 1.4KG,NOOR GAZAL WHITE CHANA 14MM 1.4KG,FINISHED GOODS,WHITE CHANA 14.MM,PEAS & LENTILES,PILLOW,WHOLE,1400,FFS DAL
1847,1847,GAZAL DRY GINGER 200 GM,NOOR GAZAL DRY GINGER 200 GM,FINISHED GOODS,DRY GINGER,SPICES,PILLOW,WHOLE,200,JAR SECTION
,1848,GAZAL FENNEL SEEDS 200 GM,NOOR GAZAL FENNEL SEEDS 200 GM,FINISHED GOODS,FENNEL SEED,SPICES,PILLOW,WHOLE,200,NUTS SECTION
1853,1853,GAZAL WHITE RICE 2KG,NOOR GAZAL WHITE RICE 2KG,FINISHED GOODS,WHITE RICE,CEREALS & FLOUR,PILLOW,POWDER,2000,FFS DAL
1855,1855,GAZAL MIXED NUTS PREMIUM 150 GM,NOOR GAZAL MIXED NUTS PREMIUM 150 GM,FINISHED GOODS,MIXED NUTS,NUTS & DRY FRUITS,PILLOW,WHOLE,150,NUTS SECTION
1856,1856,GAZAL RAGGI POWDER 500 GM,NOOR GAZAL RAGGI POWDER 500 GM,FINISHED GOODS,RAGGI POWDER,CEREALS & FLOUR,PILLOW,WHOLE,500,MASALA TABLE
1857,1857,GAZAL TOOR DAL 700 GM,NOOR GAZAL TOOR DAL 700 GM,FINISHED GOODS,TOOR DAL,PEAS & LENTILES,PILLOW,WHOLE,700,FFS DAL
1858,1858,GAZAL BLACK RAISINS 400 GM,NOOR GAZAL BLACK RAISINS 400 GM,FINISHED GOODS,BLACK RAISINS,NUTS & DRY FRUITS,PILLOW,WHOLE,400,NUTS SECTION
1870,1870,GAZAL DES. COCONUT 100 GM,NOOR GAZAL DESICATED COCONUT 100 GM,FINISHED GOODS,DESICATED COCONUT,OTHER ITEMS,PILLOW,,100,KAWA SECTION
1881,1881,GAZAL PUMPKIN SEEDS 500 GM,NOOR GAZAL PUMPKIN SEEDS 500 GM,FINISHED GOODS,PUMKIN SEEDS,NUTS & DRY FRUITS,PILLOW,WHOLE,500,NUTS SECTION
1911,1911,GAZAL FENUGREEK POWDER 200 GM,NOOR GAZAL FENUGREEK POWDER 200 GM,FINISHED GOODS,FENUGREEK POWDER,SPICES,PILLOW,POWDER,200,MASALA TABLE
1912,1912,GAZAL TESH PATHA 50 GM,NOOR GAZAL TESH PATHA 50 GM,FINISHED GOODS,TESH PATHA,SPICES,PILLOW,WHOLE,50,OMANI AKKA
1914,1914,GAZAL ROASTED GRAM 200 GM,NOOR GAZAL ROASTED GRAM 200 GM,FINISHED GOODS,ROASTED GRAM,NUTS & DRY FRUITS,PILLOW,WHOLE,200,NUTS SECTION
,1919,,NOOR GAZAL ROASTED CASHEW NUTS 30 GM,FINISHED GOODS,ROASTED CASHEW NUTS,NUTS & DRY FRUITS,PILLOW,WHOLE,30,NUTS SECTION
1920,1920,GAZAL KAHWA SEELANIYA 500 GM,NOOR GAZAL KAHWA SEELANIYA 500 GM,FINISHED GOODS,KAWA SEELANIA,OMANI COFFEE,PILLOW,POWDER,500,KAHWA SECTION
1924,1924,GAZAL LUMP SUGAR 200 GM,NOOR GAZAL LUMP SUGAR 200 GM,FINISHED GOODS,LUMP SUGAR,NUTS & DRY FRUITS,PILLOW,WHOLE,200,NUTS SECTION
,1926,,NOOR GAZAL PISTACHIOS SALT 100 GM,FINISHED GOODS,PISTA SALT LARGE,NUTS & DRY FRUITS,PILLOW,WHOLE,100,NUTS SECTION
1932,1932,GAZAL TESH PATHA 200 GM,NOOR GAZAL TESH PATHA 200 GM,FINISHED GOODS,TESH PATHA,SPICES,PILLOW,WHOLE,200,OMANI AKKA
1938,1938,GAZAL POP CORN 1 KG,NOOR GAZAL POP CORN 1 KG,FINISHED GOODS,POP CORN,CEREALS & FLOUR,PILLOW,WHOLE,1000,FFS DAL
1943,1943,GAZAL CRUSHED CHILLI 400 GM,NOOR GAZAL CRUSHED CHILLI 400 GM,FINISHED GOODS,CRUSHED CHILLI,SPICES,PILLOW,WHOLE,400,MASALA TABLE
1949,1949,GAZAL POP CORN 500 GM,NOOR GAZAL POP CORN 500 GM,FINISHED GOODS,POP CORN,CEREALS & FLOUR,PILLOW,WHOLE,500,FFS DAL
1951,1951,GAZAL MASOOR DAL 700 GM X 2 PKT,NOOR GAZAL MASOOR DAL 700X2,FINISHED GOODS,MASOOR DAL,PEAS & LENTILES,PILLOW,WHOLE,1400,FFS DAL
1958,1958,GAZAL DESICCATED COCONUT 7 KG,NOOR GAZAL DESICCATED COCONUT 7 KG,FINISHED GOODS,DES COCONUT,OTHER ITEMS,PILLOW,,7000,KAHWA SECTION
1961,1961,GAZAL MUNG DAL 2 KG,NOOR GAZAL MUNG DAL 2 KG,FINISHED GOODS,MOONG DAL,PEAS & LENTILES,PILLOW,WHOLE,2000,FFS DAL
1962,1962,GAZAL CHANA DAL 2 KG,NOOR GAZAL CHANA DAL 2 KG,FINISHED GOODS,CHANA DAL,PEAS & LENTILES,PILLOW,WHOLE,2000,FFS DAL
1963,1963,GAZAL GARAM MASALA WHOLE 200 GM,NOOR GAZAL GARAM MASALA WHOLE 200 GM,FINISHED GOODS,GARAM MASALA WHOLE,SPICES,PILLOW,WHOLE,200,OMANI AKKA
1971,1971,GAZAL WHITE PEPPER POWDER 200 GM,NOOR GAZAL WHITE PEPPER POWDER 200 GM,FINISHED GOODS,WHITE PEPPER,SPICES,PILLOW,POWDER,200,MASALA TABLE
1985,1985,GAZAL TOOR DAL 2 KG,NOOR GAZAL TOOR DAL 2 KG,FINISHED GOODS,TOOR DAL,PEAS & LENTILES,PILLOW,WHOLE,2000,FFS DAL
2001,2001,GAZAL TURMERIC PDR 400GM+CHILLY PDR 400 GM,NOOR GAZAL TURMERIC POWDER+CHILLY POWDER 400 EACH OFF,FINISHED GOODS,TURMERIC POWDER,SPICES,PILLOW,POWDER,800,FFS MASALA
,2003,GAZAL BLACK CHANA 2 KG,NOOR GAZAL BLACK CHANA 2 KG,FINISHED GOODS,BLACK CHANA,PEAS & LENTILES,PILLOW,WHOLE,2000,FFS DAL
2005,2005,GAZAL ROASTED BLACK CHANA 500 GM,NOOR GAZAL ROASTED BLACK CHANA 500 GM,FINISHED GOODS,ROASTED BLACK CHANA,NUTS & DRY FRUITS,PILLOW,WHOLE,500,NUTS SECTION
2010,2010,GAZAL ENGLISH BEANS 1KG,NOOR GAZAL ENGLISH BEANS 1KG,FINISHED GOODS,ENGLISH BEANS,PEAS & LENTILES,PILLOW,WHOLE,1000,FFS DAL
2012,2012,GAZAL PUTTUPODI 15 KG,NOOR GAZAL PUTTUPODI 15 KG,FINISHED GOODS,PUTTUPODI,CEREALS & FLOUR,BAG,POWDER,15000,MASALA TABLE
2013,2013,GAZAL ROASTED GRAM 500 GM,NOOR GAZAL ROASTED GRAM 500 GM,FINISHED GOODS,ROASTED GRAM,NUTS & DRY FRUITS,PILLOW,WHOLE,500,NUTS SECTION
2040,2040,GAZAL MUNG WHOLE 700 GM,NOOR GAZAL MUNG WHOLE 700 GM,FINISHED GOODS,MOONG WHOLE,PEAS & LENTILES,PILLOW,WHOLE,700,FFS DAL
2041,2041,GAZAL URID DAL 700 GM,NOOR GAZAL URID DAL 700 GM,FINISHED GOODS,URID DAL,PEAS & LENTILES,PILLOW,WHOLE,700,FFS DAL
2043,2043,GAZAL KASHMIRI CHILLI POWDER 200 GM,NOOR GAZAL KASHMIRI CHILLI POWDER 200 GM,FINISHED GOODS,KASHMIRI CHILLI WHOLE,SPICES,PILLOW,POWDER,200,FFS MASALA
2044,2044,GAZAL BLACK CHANA 700 GM,NOOR GAZAL BLACK CHANA 700 GM,FINISHED GOODS,BLACK CHANA,PEAS & LENTILES,PILLOW,WHOLE,700,FFS DAL
2045,2045,GAZAL CURRY POWDER 200GM,NOOR GAZAL CURRY POWDER 200GM,FINISHED GOODS,CURRY POWDER,SPICES,PILLOW,WHOLE,200,FFS MASALA
2047,2047,GAZAL ROASTED BLACK CHANA 200 GM,NOOR GAZAL ROASTED BLACK CHANA 200 GM,FINISHED GOODS,ROASTED BLACK CHANA,NUTS & DRY FRUITS,PILLOW,WHOLE,200,NUTS SECTION
,2056,GAZAL FISH MASALA 1 KG,NOOR GAZAL FISH MASALA 1 KG,FINISHED GOODS,FISH MASALA,SPICES,PILLOW,POWDER,1000,JAR SECTION
2064,2064,GAZAL CURRY POWDER 1KG,NOOR GAZAL CURRY POWDER 1KG,FINISHED GOODS,CURRY POWDER,SPICES,PILLOW,POWDER,1000,MASALA TABLE
2070,2070,GAZAL TURMERIC POWDER 800 GM,NOOR GAZAL TURMERIC POWDER 800 GM,FINISHED GOODS,TURMERIC POWDER,SPICES,PILLOW,POWDER,800,FFS MASALA
2075,2075,GAZAL KAHWA MUMAYYAZA 1KG,NOOR GAZAL KAHWA MUMAYYAZA 1KG,FINISHED GOODS,KAWA MUMAYAZA,OMANI COFFEE,PILLOW,POWDER,1000,KAHWA SECTION
,2076,,NOOR GAZAL ASSORTED SPICES JAR,FINISHED GOODS,ASSORTED SPICES,SPICES,JAR,POWDER,800,JAR SECTION
2079,2079,GAZAL CAMBODGE 100 GM,NOOR GAZAL CAMBODGE 100 GM,FINISHED GOODS,CAMBODGE,OTHER ITEMS,PILLOW,WHOLE,100,NUTS SECTION
2084,2084,GAZAL MASOOR DAL 1.5 KG,NOOR GAZAL MASOOR DAL 1.5 KG,FINISHED GOODS,MASOOR DAL,PEAS & LENTILES,PILLOW,WHOLE,1500,FFS DAL
2086,2086,GAZAL ALMONDS PREMIUM 800 GM,NOOR GAZAL ALMONDS PREMIUM 800 GM,FINISHED GOODS,ALMONDS 20/22 .68,NUTS & DRY FRUITS,PILLOW,WHOLE,800,NUTS SECTION
2093,2093,GAZAL PISTACHIOS PREMIUM 800 GM,NOOR GAZAL PISTACHIOS PREMIUM 800 GM,FINISHED GOODS,PISTACHIO,NUTS & DRY FRUITS,PILLOW,WHOLE,800,NUTS SECTION
2098,2098,GAZAL OMANI MASALA WHOLE GAZATE 1KG,NOOR GAZAL OMANI MASALA WHOLE GAZATE 1KG,FINISHED GOODS,OMANI MASALA,SPICES,PILLOW,WHOLE,1000,OMANI AKKA
2099,2099,GAZAL KAHWA MUMAYAZA PET JAR 600GM,NOOR GAZAL KAHWA JAR 600GM,FINISHED GOODS,KAWA MUMAYAZA,OMANI COFFEE,JAR,POWDER,600,KAHWA SECTION
2101,2101,GAZAL GRAMFLOUR 4KG,NOOR GAZAL GRAMFLOUR 4KG,FINISHED GOODS,GRAM FLOUR,CEREALS & FLOUR,PILLOW,POWDER,4000,FFS FLOUR
2102,2102,GAZAL OMANI MASALA JAR 800g,NOOR GAZAL OMANI MASALA JAR 800g,FINISHED GOODS,OMANI MASALA,SPICES,JAR,POWDER,800,JAR SECTION
2103,2103,GAZAL WHITE CHANA 14MM 4 KG,NOOR GAZAL WHITE CHANA 4 KG,FINISHED GOODS,WHITE CHANA 14.MM,PEAS & LENTILES,PILLOW,WHOLE,4000,FFS DAL
2113,2113,GAZAL KASHMIRI CHILLI POWDER 1KG,NOOR GAZAL KASHMIRI CHILLI POWDER 1KG,FINISHED GOODS,KASHMIRI CHILLI POWDER,SPICES,PILLOW,POWDER,1000,FFS MASALA
,2118,GAZAL TURMERIC POWDER 400GM,NOOR GAZAL TURMERIC POWDER 400GM,FINISHED GOODS,TURMERIC POWDER,SPICES,PILLOW,POWDER,400,FFS MASALA
2139,2139,GAZAL CHICKEN MASALA JAR 225g,NOOR GAZAL CHICKEN MASALA JAR 225g,FINISHED GOODS,CHICKEN MASALA POWDER,SPICES,JAR,POWDER,225,JAR SECTION
2140,2140,GAZAL MEAT MASALA JAR 225g,NOOR GAZAL MEAT MASALA JAR 225g,FINISHED GOODS,MEAT MASALA POWDER,SPICES,JAR,POWDER,225,JAR SECTION
2141,2141,GAZAL OMANI MASALA JAR 230g,NOOR GAZAL OMANI MASALA JAR 230g,FINISHED GOODS,OMANI MASALA,SPICES,JAR,POWDER,230,JAR SECTION
2142,2142,GAZAL BLACK PEPPER POWDER JAR 250g,NOOR GAZAL BLACK PEPPER POWDER JAR 250g,FINISHED GOODS,BLACK PEPPER POWDER,SPICES,JAR,POWDER,250,JAR SECTION
2143,2143,GAZAL CARDAMOM POWDER JAR 225g,NOOR GAZAL CARDAMOM POWDER JAR 225g,FINISHED GOODS,CARDAMOM POWDER,SPICES,JAR,POWDER,225,JAR SECTION
2144,2144,GAZAL ZAHATAR POWDER JAR 250g,NOOR GAZAL ZAHATAR POWDER JAR 250g,FINISHED GOODS,ZAHATAR WITH SESAM SEED,OTHER ITEMS,JAR,POWDER,250,JAR SECTION
2145,2145,GAZAL GARAM MASALA JAR 230g,NOOR GAZAL GARAM MASALA JAR 230g,FINISHED GOODS,GARAM MASALA POWDER,SPICES,JAR,POWDER,230,JAR SECTION
2148,2148,GAZAL WHITE RICE 1 KG,NOOR GAZAL WHITE RICE 1 KG,FINISHED GOODS,WHITE RICE,CEREALS & FLOUR,PILLOW,WHOLE,1000,FFS DAL
2149,2149,GAZAL SAMBAR MASALA 100 GM,NOOR GAZAL   SAMBAR MASALA 100 GM,FINISHED GOODS,SAMBAR POWDER,SPICES,PILLOW,POWDER,100,MASALA TABLE
2156,2156,GAZAL BLACK PEPPER 150 GM,NOOR GAZAL BLACK PEPPER 150 GM,FINISHED GOODS,BLACK PEPPER,SPICES,PILLOW,WHOLE,150,NUTS SECTION
2157,2157,GAZAL CLOVES 150 GM,NOOR GAZAL CLOVES 150 GM,FINISHED GOODS,CLOVES,SPICES,PILLOW,WHOLE,150,NUTS SECTION
,2160,PISTACHIO KERNALS,PISTACHIO KERNALS,RAW MATERIALS,PISTACHIO KERNALS,NUTS & DRY FRUITS,Bag,RAW MATERIALS,,
,2166,,NOOR GAZAL MIXED NUT 100 GM,FINISHED GOODS,MIXED NUT,NUTS & DRY FRUITS,PILLOW,WHOLE,100,NUTS SECTION
,2168,,NOOR GAZAL CINNAMON 5 KG,FINISHED GOODS,CINNAMON PACKING,SPICES,PILLOW,WHOLE,5000,OMANI AKKA
2172,2172,GAZAL CHICKEN MASALA 5 KG,NOOR GAZAL CHICKEN MASALA 5 KG,FINISHED GOODS,CHICKEN MASALA,SPICES,BAG,POWDER,5000,JAR SECTION
2178,2178,GAZAL CORIANDER SEEDS 150 GM,NOOR GAZAL CORIANDER SEEDS 150 GM,FINISHED GOODS,CORIANDER SEEDS,SPICES,PILLOW,WHOLE,150,NUTS SECTION
2181,2181,GAZAL FASOOLIYA 700 GM,NOOR GAZAL FASOOLIYA 700 GM,FINISHED GOODS,FASOOLIYA,PEAS & LENTILES,PILLOW,WHOLE,700,FFS DAL
2182,2182,GAZAL TURMERIC WHOLE 100 GM,NOOR GAZAL TURMERIC WHOLE 100 GM,FINISHED GOODS,TURMERIC WHOLE,SPICES,PILLOW,WHOLE,100,OMANI AKKA
2183,2183,GAZAL CINNAMON PREMIUM 150 GM,NOOR GAZAL CINNAMON PREMIUM 150 GM,FINISHED GOODS,CINNAMON PACKING,SPICES,PILLOW,WHOLE,150,KAHWA SECTION
2184,2184,GAZAL CLOVES PREMIUM 75 GM,NOOR GAZAL CLOVES PREMIUM 75 GM,FINISHED GOODS,CLOVES,SPICES,PILLOW,WHOLE,75,NUTS SECTION
2185,2185,GAZAL CINNAMON POWDER 5 KG,NOOR GAZAL CINNAMON POWDER 5 KG,FINISHED GOODS,CINNAMON POWDER,SPICES,BAG,POWDER,5000,MASALA TABLE
,2188,GAZAL BLACK PEPPER POWDER PREMIUM 300 GM,NOOR GAZAL BLACK PEPPER POWDER PREMIUM 300 GM,FINISHED GOODS,BLACK PEPPER POWDER,SPICES,PILLOW,POWDER,300,FFS MASALA
2194,2194,GAZAL MASOOR DAL 1 KG X 2,NOOR GAZAL MASOOR DAL 1 KG X 2,FINISHED GOODS,MASOOR DAL,PEAS & LENTILES,PILLOW,WHOLE,2000,FFS DAL
,2197,,NOOR GAZAL BLACK PEPPER 25 GM,FINISHED GOODS,BLACK PEPPER,SPICES,PILLOW,WHOLE,25,NUTS SECTION
,2198,,NOOR GAZAL BLACK PEPPER POWDER 25 GM,FINISHED GOODS,BLACK PEPPER POWDER,SPICES,PILLOW,POWDER,25,MASALA TABLE
,2199,,NOOR GAZAL PISTACHIOS 25 GM,FINISHED GOODS,PISTACHIO,NUTS & DRY FRUITS,PILLOW,WHOLE,25,NUTS SECTION
2200,2200,GAZAL ALMONDS PREMIUM 150 GM,NOOR GAZAL ALMONDS PREMIUM 150 GM,FINISHED GOODS,ALMONDS 20/22 .68,NUTS & DRY FRUITS,PILLOW,WHOLE,150,NUTS SECTION
2201,2201,GAZAL PISTA KERNALS 150 GM,NOOR GAZAL PISTA KERNALS 150 GM,FINISHED GOODS,PISTA KERNALS,NUTS & DRY FRUITS,PILLOW,WHOLE,150,NUTS SECTION
2202,2202,GAZAL BLACK RAISINS 150 GM,NOOR GAZAL BLACK RAISINS 150 GM,FINISHED GOODS,BLACK RAISINS,NUTS & DRY FRUITS,PILLOW,WHOLE,150,NUTS SECTION
2204,2204,GAZAL MIXED NUTS PREMIUM 800 GM,NOOR GAZAL MIXED NUTS PREMIUM 800 GM,FINISHED GOODS,MIXED NUTS,NUTS & DRY FRUITS,PILLOW,WHOLE,800,NUTS SECTION
2205,2205,GAZAL BARLEY 200 GM,NOOR GAZAL BARLEY 200 GM,FINISHED GOODS,BARLEY,CEREALS & FLOUR,PILLOW,WHOLE,200,NUTS SECTION
2209,2209,GAZAL ZAHTER WITH SESAME SEEDS 200 GM,NOOR GAZAL ZAHTER WITH SESAME SEEDS 200 GM,FINISHED GOODS,ZAHATAR WITH SESAM SEED,OTHER ITEMS,PILLOW,POWDER,200,MASALA TABLE
2215,2215,TAMARIND (500 GM X40) 20KG CTN,NOOR GAZAL TAMARIND (500 GM X40) 20KG CTN,FINISHED GOODS,TAMARIND,OTHER ITEMS,PILLOW,WHOLE,500,NUTS SECTION
2216,2216,GAZAL KASHMIRI CHILLI POWDER 400 GM,NOOR GAZAL KASHMIRI CHILLI POWDER 400 GM,FINISHED GOODS,KASHMIRI CHILLI WHOLE,SPICES,PILLOW,POWDER,400,FFS MASALA
,2234,GAZAL BROAD BEANS 1.5 KG,NOOR GAZAL BROAD BEANS 1.5 KG,FINISHED GOODS,BROAD BEANS,PEAS & LENTILES,PILLOW,CLEANLY - WHOLE,1500,FFS DAL
2237,2237,GAZAL CHANADAL 700 GM X 2,NOOR GAZAL CHANA DAL 700X2,FINISHED GOODS,CHANA DAL,PEAS & LENTILES,PILLOW,WHOLE,1400,FFS DAL
2242,2242,GAZAL AJWAN PREMIUM 100 GM,NOOR GAZAL AJWAN PREMIUM 100 GM,FINISHED GOODS,AJWAN,SPICES,PILLOW,WHOLE,100,NUTS SECTION
2245,2245,GAZAL WALNUT 400 GM,NOOR GAZAL WALNUT 400 GM,FINISHED GOODS,WALNUT,NUTS & DRY FRUITS,PILLOW,WHOLE,400,NUTS SECTION
2253,2253,GAZAL BLACK JEERA PREMIUM 150 GM,NOOR GAZAL BLACK JEERA PREMIUM 150 GM,FINISHED GOODS,BLACK JEERA,PEAS & LENTILES,PILLOW,WHOLE,150,NUTS SECTION
2257,2257,GAZAL WHITE PEPPER POWDER PREMIUM 150 GM,NOOR GAZAL WHITE PEPPER POWDER PREMIUM 150 GM,FINISHED GOODS,WHITE PEPPER,SPICES,PILLOW,POWDER,150,MASALA TABLE
2259,2259,GAZAL ROSELLE 200 GM,NOOR GAZAL ROSELLE 200 GM,FINISHED GOODS,ROSELLE,OTHER ITEMS,PILLOW,WHOLE,200,KAHWA SECTION
2260,2260,GAZAL KAHWA AL KARAM 800 GM,NOOR GAZAL KAHWA AL KARAM 800 GM,FINISHED GOODS,KAWA AL KARAM,OMANI COFFEE,PILLOW,POWDER,800,KAHWA SECTION
2261,2261,GAZAL KAHWA AL KARAM 700 GM,NOOR GAZAL KAHWA AL KARAM 700 GM,FINISHED GOODS,KAWA AL KARAM,OMANI COFFEE,PILLOW,POWDER,700,KAHWA SECTION
2262,2262,GAZAL YANSOON 150 GM,NOOR GAZAL YANSOON 150 GM,FINISHED GOODS,YANSOON,PEAS & LENTILES,PILLOW,WHOLE,150,NUTS SECTION
2266,2266,GAZAL WALNUT 150 GM,NOOR GAZAL WALNUT 150 GM,FINISHED GOODS,WALNUT,NUTS & DRY FRUITS,PILLOW,WHOLE,150,NUTS SECTION
2270,2270,GAZAL DRY LEMON 150 GM,NOOR GAZAL DRY LEMON 150 GM,FINISHED GOODS,DRY LEMON (BLACK),SPICES,PILLOW,WHOLE,150,KAHWA SECTION
2271,2271,GAZAL BLACK PEPPER PREMIUM 400 GM,NOOR GAZAL BLACK PEPPER PREMIUM 400 GM,FINISHED GOODS,BLACK PEPPER,SPICES,PILLOW,WHOLE,400,NUTS SECTION
2272,2272,GAZAL BLACK PEPPER POWDER PREMIUM 400 GM,NOOR GAZAL BLACK PEPPER POWDER PREMIUM 400 GM,FINISHED GOODS,BLACK PEPPER POWDER,SPICES,PILLOW,POWDER,400,FFS MASALA
2273,2273,GAZAL SAGU 800 GM,NOOR GAZAL SAGU SEED 800 GM,FINISHED GOODS,SAGU SEEDS,PEAS & LENTILES,PILLOW,WHOLE,800,FFS DAL
2275,2275,GAZAL OMANI MASALA WHOLE GAZATE 500GM,NOOR GAZAL OMANI MASALA WHOLE GAZATE 500GM,FINISHED GOODS,OMANI MASALA,SPICES,PILLOW,WHOLE,500,OMANI AKKA
,2290,GAZAL GINGER POWDER 200 GM,NOOR GAZAL GINGER POWDER 200 GM,FINISHED GOODS,GINGER POWDER,SPICES,PILLOW,POWDER,200,FFS MASALA
2291,2291,GAZAL LONG CHILLI 150 GM,NOOR GAZAL LONG CHILLI 150 GM,FINISHED GOODS,LONG CHILLI STEM CUT,SPICES,PILLOW,WHOLE,150,MASALA TABLE
2293,2293,GAZAL MIXED NUTS 400 GM,NOOR GAZAL MIXED NUTS 400 GM,FINISHED GOODS,MIXED NUTS,NUTS & DRY FRUITS,PILLOW,WHOLE,400,NUTS SECTION
,2294,GAZAL MIXED NUTS 150 GM,NOOR GAZAL MIXED NUTS 150 GM,FINISHED GOODS,MIXED NUTS,NUTS & DRY FRUITS,PILLOW,WHOLE,150,NUTS SECTION
2295,2295,GAZAL PISTACHIOS 400 GM,NOOR GAZAL PISTACHIOS 400 GM,FINISHED GOODS,PISTACHIO,NUTS & DRY FRUITS,PILLOW,WHOLE,400,NUTS SECTION
,2296,,NOOR GAZAL PISTACHIOS 800 GM,FINISHED GOODS,PISTACHIO,NUTS & DRY FRUITS,PILLOW,WHOLE,800,NUTS SECTION
2297,2297,GAZAL PISTACHIOS 150 GM,NOOR GAZAL PISTACHIOS 150 GM,FINISHED GOODS,PISTACHIO,NUTS & DRY FRUITS,PILLOW,WHOLE,150,NUTS SECTION
2298,2298,GAZAL OMANI MASALA 800 GM SP,NOOR GAZAL OMANI MASALA 800GM SP OFFER,FINISHED GOODS,OMANI MASALA,SPICES,PILLOW,POWDER,800,FFS MASALA
2305,2305,GAZAL CURRY POWDER JAR 230 GM,NOOR GAZAL CURRY POWDER JAR 230 GM,FINISHED GOODS,CURRY POWDER,SPICES,JAR,WHOLE,230,JAR SECTION
2306,2306,GAZAL KASHMIRI CHILLI POWDER JAR 250 GM,NOOR GAZAL KASMIRI CHILLI POWDER JAR 250 GM,FINISHED GOODS,CHILLI POWDER (KASHMIRI),SPICES,JAR,POWDER,250,JAR SECTION
,2307,,NOOR GAZAL CRUSHED CHILLI JAR 175 GM,FINISHED GOODS,CRUSHED CHILLI,SPICES,JAR,WHOLE,175,JAR SECTION
,2308,,NOOR GAZAL   MUTTER DAL 1 KG,FINISHED GOODS,MUTTER DAL,DAL,PILLOW,WHOLE,1000,FFS DAL
2312,2312,GAZAL CHILLI(P) + CORIANDER(P) + TUR(P) 250 GM+300 GM EACH,NOOR GAZAL CHILLI(P) + CORIANDER(P) + TUR(P) 250,FINISHED GOODS,"CHILLI POWDER, CORIANDER POWDER, TURMERIC POWDER",SPICES,PILLOW,POWDER,,FFS MASALA
2313,2313,GAZAL MASOOR DAL 1 KG SP OFF,NOOR GAZAL MASOOR DAL 1KG SP OFFER,FINISHED GOODS,MASOOR DAL,PEAS & LENTILES,PILLOW,WHOLE,1000,FFS DAL
2315,2315,GAZAL URID DAL 1 KG SP OFF,NOOR GAZAL URID DAL 1 KG SP OFF,FINISHED GOODS,URID DAL,PEAS & LENTILES,PILLOW,WHOLE,1000,FFS DAL
2322,2322,GAZAL GRAMFLOUR 500 GM,NOOR GAZAL GRAMFLOUR 500 GM,FINISHED GOODS,GRAM FLOUR,CEREALS & FLOUR,PILLOW,POWDER,500,MASALA TABLE
2340,2340,GAZAL MASOOR DAL 2 KG SP OFF (D),NOOR GAZAL MASOOR DAL 2 KG SP OFF (D),FINISHED GOODS,MASOOR DAL,PEAS & LENTILES,PILLOW,WHOLE,2000,FFS DAL
,2354,,GAZAL CINNAMON 500 GM,FINISHED GOODS,CINNAMON,SPICES,PILLOW,WHOLE,500,KAHWA SECTION
2455,2455,GAZAL TURMERIC POWDER 500 GM SP OFF,NOOR GAZAL TURMERIC POWDER 500GM SP OFFER,FINISHED GOODS,TURMERIC POWDER,SPICES,PILLOW,POWDER,500,FFS MASALA
2462,2462,GAZAL GOLDEN RAISINS 800 GM,NOOR GAZAL GOLDEN RAISINS 800 GM,FINISHED GOODS,GOLDEN RAISINS,NUTS & DRY FRUITS,PILLOW,WHOLE,800,NUTS SECTION
,2465,,NOOR GAZAL ALMONDS 25 GM,FINISHED GOODS,ALMONDS 20/22 .68,NUTS & DRY FRUITS,PILLOW,WHOLE,25,NUTS SECTION
,2468,,NOOR GAZAL CASHEW NUTS 300 GM,FINISHED GOODS,CASHEW NUTS W 240,NUTS & DRY FRUITS,PILLOW,WHOLE,300,NUTS SECTION
2469,2469,GAZAL CASHEW NUTS 150 GM,NOOR GAZAL CASHEW NUTS 150 GM,FINISHED GOODS,CASHEW NUTS W 240,NUTS & DRY FRUITS,PILLOW,WHOLE,150,NUTS SECTION
,2470,,NOOR GAZAL CASHEW NUTS 25 GM,FINISHED GOODS,CASHEW NUTS W 240,NUTS & DRY FRUITS,PILLOW,WHOLE,25,NUTS SECTION
2487,2487,GAZAL TURMERIC POWDER 1KG SP OFFER,NOOR GAZAL TURMERIC POWDER 1KG SP OFF,FINISHED GOODS,TURMERIC POWDER,SPICES,PILLOW,POWDER,1000,FFS MASALA
2490,2490,GAZAL BLACK PEPPER PREMIUM 400GM SP OFFER,NOOR GAZAL BLACK PEPPER 400G SP OFF,FINISHED GOODS,BLACK PEPPER,SPICES,PILLOW,WHOLE,400,NUTS SECTION
2491,2491,GAZAL CUMIN SEED 800GM SP OFFER,NOOR GAZAL CUMIN SEED 800 GM SP OFFER,FINISHED GOODS,CUMIN SEED,SPICES,PILLOW,WHOLE,800,NUTS SECTION
2492,2492,GAZAL CUMIN SEED 400GM SP OFFER,NOOR GAZAL CUMIN SEED 400GM SP OFF,FINISHED GOODS,CUMIN SEED,SPICES,PILLOW,WHOLE,400,NUTS SECTION
2498,2498,GAZAL CORIANDER POWDER 400GM+TURMERIC POWDER 400GM,NOOR GAZAL CORIANDER+TURMERIC 400GM EACH OFF,FINISHED GOODS,TURMERIC POWDER,SPICES,PILLOW,POWDER,800,FFS MASALA
2513,2513,GAZAL DESICCATED COCONUT 200 GM,NOOR GAZAL DESICCATED COCONUT 200 GM,FINISHED GOODS,DES COCONUT,OTHER ITEMS,PILLOW,,200,KAHWA SECTION
2514,2514,GAZAL CORIANDER SEEDS 400 GM,NOOR GAZAL CORIANDER SEEDS 400 GM,FINISHED GOODS,CORIANDER SEEDS,SPICES,PILLOW,WHOLE,400,NUTS SECTION
2515,2515,GAZAL BASIL SEEDS 100 GM,NOOR GAZAL BASIL SEEDS 100 GM,FINISHED GOODS,BASIL SEED,OTHER ITEMS,PILLOW,WHOLE,100,NUTS SECTION
2516,2516,GAZAL LEMON SALT 150 GM,NOOR GAZAL LEMON SALT 150 GM,FINISHED GOODS,LEMON SALT,SPICES,PILLOW,POWDER,150,MASALA TABLE
2519,2519,GAZAL DESICATED COCONUT 1KG SP OFFER,NOOR GAZAL DESICATED COCONUT 1KG SP OFFER,FINISHED GOODS,DESICATED COCONUT,OTHER ITEMS,PILLOW,,1000,KAWA SECTION
2528,2528,GAZAL MUNG DAL 1KG SP OFF,NOOR GAZAL MUNG DAL 1KG SP OFF,FINISHED GOODS,MOONG DAL,PEAS & LENTILES,PILLOW,WHOLE,1000,FFS DAL
2532,2532,GAZAL ALMONDS 400GM SP,NOOR GAZAL ALMONDS 400 GM SP OFFER,FINISHED GOODS,ALMONDS 20/22 .68,NUTS & DRY FRUITS,PILLOW,WHOLE,400,NUTS SECTION
,2534,,NOOR GAZAL MIXEDNUT 400 GM SP OFF,FINISHED GOODS,MIXED NUTS,NUTS & DRY FRUITS,PILLOW,WHOLE,400,NUTS SECTION
2536,2536,GAZAL PISTACHIOS 400GM SP,NOOR GAZAL PISTACHIOS 400GM SP,FINISHED GOODS,PISTA SALT LARGE,NUTS & DRY FRUITS,PILLOW,WHOLE,400,NUTS SECTION
2542,2542,GAZAL MASOOR DAL 2 KG SP OFFER,NOOR GAZAL MASOOR DAL 2KG SP OFFER VAN,FINISHED GOODS,MASOOR DAL,PEAS & LENTILES,PILLOW,WHOLE,2000,FFS DAL
2549,2549,GAZAL CARDAMOM 75 GM,NOOR GAZAL CARDAMOM 75 GM,FINISHED GOODS,CARDAMOM,SPICES,PILLOW,WHOLE,75,NUTS SECTION
2553,2553,GAZAL MASOOR DAL 1.4 KG SP,NOOR GAZAL MASOOR DAL 1.4 KG SP,FINISHED GOODS,MASOOR DAL,PEAS & LENTILES,PILLOW,WHOLE,1400,FFS DAL
2556,2556,GAZAL WHITE CHANA 2KG SP OFFER,NOOR GAZAL WHITE CHANA 2KG SP OFFER,FINISHED GOODS,WHITE CHANA 14.MM,PEAS & LENTILES,PILLOW,WHOLE,2000,FFS DAL
2557,2557,GAZAL CARDAMOM POWDER 150 GM,NOOR GAZAL CARDAMOM POWDER 150 GM,FINISHED GOODS,CARDAMOM POWDER,SPICES,PILLOW,POWDER,150,FFS MASALA
2558,2558,GAZAL TOOR DAL 1 KG SP OFF,NOOR GAZAL TOOR DAL 1 KG SP OFF,FINISHED GOODS,TOOR DAL,PEAS & LENTILES,PILLOW,WHOLE,1000,FFS DAL
2561,2561,GAZAL CHICKEN MASALA BOX 200 GM,NOOR GAZAL CHICKEN MASALA BOX 200 GM,FINISHED GOODS,CHICKEN MASALA POWDER,SPICES,BOX,POWDER,200,JAR SECTION
2562,2562,GAZAL FISH MASALA BOX 200 GM,NOOR GAZAL FISH MASALA BOX 200 GM,FINISHED GOODS,FISH MASALA POWDER,SPICES,BOX,POWDER,200,JAR SECTION
2563,2563,GAZAL MEAT MASALA BOX 200 GM,NOOR GAZAL MEAT MASALA BOX 200 GM,FINISHED GOODS,MEAT MASALA POWDER,SPICES,BOX,POWDER,200,JAR SECTION
2564,2564,GAZAL SAMBAR MASALA BOX 200 GM,NOOR GAZAL SAMBAR MASALA BOX 200 GM,FINISHED GOODS,SAMBAR POWDER,SPICES,BOX,POWDER,200,JAR SECTION
2565,2565,GAZAL MADRAS CURRY POWDER TIN 400 GM,NOOR GAZAL MADRAS CURRY POWDER TIN 400 GM,FINISHED GOODS,MADRAS CURRY POWDER,SPICES,TIN,POWDER,400,JAR SECTION
2566,2566,GAZAL MADRAS CURRY POWDER TIN 200 GM,NOOR GAZAL MADRAS CURRY POWDER TIN 200 GM,FINISHED GOODS,MADRAS CURRY POWDER,SPICES,TIN,POWDER,200,JAR SECTION
2567,2567,GAZAL GARAM MASALA BOX 100 GM,NOOR GAZAL GARAM MASALA BOX 100 GM,FINISHED GOODS,GARAM MASALA POWDER,SPICES,BOX,POWDER,100,JAR SECTION
2570,2570,GAZAL WHITE CHANA 14 MM 1 KG SP OFF,NOOR GAZAL WHITE CHANA 14 MM 1 KG SP OFF,FINISHED GOODS,WHITE CHANA,PEAS & LENTILES,PILLOW,WHOLE,1000,FFS DAL
2573,2573,GAZAL CORN FLOUR BOX 400 GM,NOOR GAZAL CORN FLOUR BOX 400 GM,FINISHED GOODS,CORN FLOUR,CEREALS & FLOUR,BOX,POWDER,400,JAR SECTION
2574,2574,GAZAL CARDAMOM POWDER PREMIUM 75 GM,NOOR GAZAL CARDAMOM POWDER PREMIUM 75 GM,FINISHED GOODS,CARDAMOM POWDER,SPICES,PILLOW,POWDER,75,FFS MASALA
2585,2585,GAZAL CARDAMOM PREMIUM 40 GM,NOOR GAZAL CARDAMOM PREMIUM 40 GM,FINISHED GOODS,CARDAMOM,SPICES,PILLOW,WHOLE,40,NUTS SECTION
2590,2590,GAZAL JATHIPATHRI 40 GM,NOOR GAZAL JATHIPATHRI 40 GM,FINISHED GOODS,JATHIPATHRI,SPICES,PILLOW,WHOLE,40,OMANI AKKA
2592,2592,GAZAL CARDAMOM PREMIUM 150 GM,NOOR GAZAL CARDAMOM PREMIUM 150 GM,FINISHED GOODS,CARDAMOM,SPICES,PILLOW,WHOLE,150,FFS DAL
2593,2593,GAZAL CARDAMOM PREMIUM 90 GM,NOOR GAZAL CARDAMOM PREMIUM 90 GM,FINISHED GOODS,CARDAMOM,SPICES,PILLOW,WHOLE,90,FFS DAL
2607,2607,GAZAL CARDAMOM (MLG) 400 GM,NOOR GAZAL CARDAMOM (MLG) 400 GM,FINISHED GOODS,CARDAMOM,SPICES,PILLOW,WHOLE,400,NUTS SECTION
2612,2612,GAZAL BIRIYANI MASALA BOX 100 GM,NOOR GAZAL BIRIYANI MASALA BOX 100 GM,FINISHED GOODS,BIRIYANI MASALA,SPICES,BOX,POWDER,100,JAR SECTION
2613,2613,GAZAL CHAAT MASALA BOX 100 GM,NOOR GAZAL CHAAT MASALA BOX 100 GM,FINISHED GOODS,CHAAT MASALA,SPICES,BOX,POWDER,100,JAR SECTION
2614,2614,GAZAL PICKLE POWDER BOX 150 GM,NOOR GAZAL PICKLE POWDER BOX 150 GM,FINISHED GOODS,PICKLE POWDER,SPICES,BOX,POWDER,150,JAR SECTION
2615,2615,GAZAL CURRY POWDER BOX 150 GM,NOOR GAZAL CURRY POWDER BOX 150 GM,FINISHED GOODS,CURRY POWDER,SPICES,BOX,POWDER,150,JAR SECTION
,2620,,NOOR GAZAL ZAHTER 30 GM,FINISHED GOODS,ZAHTHER,OTHER ITEMS,PILLOW,WHOLE,30,NUTS SECTION
2621,2621,GAZAL ZAHTER 70 GM,NOOR GAZAL ZAHTER 70 GM,FINISHED GOODS,ZAHTHER,OTHER ITEMS,PILLOW,WHOLE,70,NUTS SECTION
2623,2623,GAZAL ROUND CHILLI 150 GM,NOOR GAZAL ROUND CHILLI 150 GM,FINISHED GOODS,ROUND CHILLI,SPICES,PILLOW,WHOLE,150,MASALA TABLE
2631,2631,GAZAL ZAHTER 50 GM,NOOR GAZAL ZAHTER 50 GM,FINISHED GOODS,ZAHTHER,OTHER ITEMS,PILLOW,WHOLE,50,NUTS SECTION
2510,2637,GAZAL DESICCATED COCONUT 400GM,NOOR GAZAL DESICCATED COCONUT 400GM RM SP,FINISHED GOODS,DES COCONUT,CEREALS & FLOUR,PILLOW,POWDER,400,FFS FLOUR
2639,2639,GAZAL HUBHAREES NOOR 1 KG RM,NOOR GAZAL HUBHAREES NOOR 1 KG RM,FINISHED GOODS,HUBHAREES NOOR,CEREALS & FLOUR,PILLOW,WHOLE,1000,FFS DAL
2640,2640,GAZAL HUBHAREES NOOR 2 KG RM,NOOR GAZAL HUBHAREES NOOR 2 KG RM,FINISHED GOODS,HUBHAREES NOOR,CEREALS & FLOUR,PILLOW,WHOLE,2000,FFS DAL
,2641,,NOOR GAZAL SEMOLINA 1 KG RM SP,FINISHED GOODS,SEMOLINA,CEREALS & FLOUR,PILLOW,WHOLE,1000,FFS FLOUR
2646,2646,GAZAL CARDAMOM 200 GM SP OFFER,NOOR GAZAL CARDAMOM 200 GM SP OFFER,FINISHED GOODS,CARDAMOM,SPICES,PILLOW,WHOLE,200,FFS DAL
2647,2647,GAZAL AL BURAIMI SPECIAL KAHWA 1KG,NOOR GAZAL AL BURAIMI SPECIAL KAHWA 1KG,FINISHED GOODS,KAWA AL BURAIMI,OMANI COFFEE,PILLOW,POWDER,1000,KAHWA SECTION
2653,2653,GAZAL CARDAMOM 300 GM,NOOR GAZAL CARDAMOM 300 GM,FINISHED GOODS,CARDAMOM,SPICES,PILLOW,WHOLE,300,NUTS SECTION
2654,2654,GAZAL INDIAN JAGGERY 800 GM,NOOR GAZAL INDIAN JAGGERY 800 GM,FINISHED GOODS,JAGGERY KG,OTHER ITEMS,PILLOW,WHOLE,800,NUTS SECTION
2655,2655,GAZAL INDIAN JAGGERY 400 GM,NOOR GAZAL INDIAN JAGGERY 400 GM,FINISHED GOODS,JAGGERY KG,OTHER ITEMS,PILLOW,WHOLE,400,NUTS SECTION
2661,2661,GAZAL MEAT MASALA JAR 225 GM SP OFF,NOOR GAZAL MEAT MASALA JAR 225 GM SP OFF,FINISHED GOODS,MEAT MASALA POWDER,SPICES,JAR,POWDER,225,JAR SECTION
2663,2663,GAZAL OMANI MASALA WHOLE 500 GM,NOOR GAZAL OMANI MASALA WHOLE 500 GM,FINISHED GOODS,OMANI MASALA,SPICES,PILLOW,WHOLE,500,OMANI AKKA
2682,2682,GAZAL TURMERIC POWDER STANDUP 100 GM,NOOR GAZAL TURMERIC POWDER STANDUP 100 GM,FINISHED GOODS,TURMERIC POWDER,SPICES,STAND UP,POWDER,100,NON MOVING
2684,2684,GAZAL CUMIN POWDER STANDUP100 GM,NOOR GAZAL CUMIN POWDER STANDUP100 GM,FINISHED GOODS,CUMIN POWDER,SPICES,STAND UP,POWDER,100,NON MOVING
2685,2685,GAZAL CINNAMON POWDER STANDUP100 GM,NOOR GAZAL CINNAMON POWDER STAND UP 100 GM,FINISHED GOODS,CINNAMON POWDER,SPICES,STAND UP,POWDER,100,NON MOVING
2686,2686,GAZAL BLACK PEPPER POWDER STANDUP 100 GM,NOOR GAZAL BLACK PEPPER POWDER STANDUP 100 GM,FINISHED GOODS,BLACK PEPPER POWDER,SPICES,STAND UP,WHOLE,100,NON MOVING
2687,2687,GAZAL KASHMIRI CHILLI POWDER STAND UP 100 GM,NOOR GAZAL KASHMIRI CHILLI POWDER STAND UP 100 GM,FINISHED GOODS,KASHMIRI CHILLI POWDER,BOX ITEMS,STAND UP,POWDER,100,NUTS SECTION
2688,2688,GAZAL LEMON POWDER STANDUP 80 GM,NOOR GAZAL LEMON POWDER STANDUP 80 GM,FINISHED GOODS,LEMON POWDER,SPICES,STAND UP,POWDER,80,KAHWA SECTION
2689,2689,GAZAL GARLIC POWDER STAND UP 100 GM,NOOR GAZAL GARLIC POWDER STAND UP 100 GM,FINISHED GOODS,GARLIC POWDER,SPICES,PILLOW,POWDER,100,NON MOVING
,2690,GAZAL FENUGREEK POWDER STANDUP 100 GM,NOOR GAZAL FENUGREEK POWDER STAND UP 100 GM,FINISHED GOODS,FENUGREEK POWDER,SPICES,STAND UP,POWDER,100,KAHWA SECTION
2691,2691,GAZAL GINGER POWDER STAND UP 100 GM,NOOR GAZAL GINGER POWDER STAND UP 100 GM,FINISHED GOODS,GINGER POWDER,SPICES,STAND UP,POWDER,100,NON MOVING
2692,2692,GAZAL PAPRIKA POWDER STAND UP 100 GM,NOOR GAZAL PAPRIKA POWDER STAND UP 100 GM,FINISHED GOODS,PAPRIKA POWDER,SPICES,STAND UP,POWDER,100,KAHWA SECTION
2693,2693,GAZAL SUMAK POWDER STAND UP 100 GM,NOOR GAZAL SUMAK POWDER STAND UP 100 GM,FINISHED GOODS,SUMAK POWDER,SPICES,PILLOW,POWDER,100,MASALA TABLE
2694,2694,GAZAL LEMON SALT STANDUP 100 GM,NOOR GAZAL LEMON SALT STANDUP 100 GM,FINISHED GOODS,LEMON SALT,SPICES,STAND UP,POWDER,100,KAHWA SECTION
2695,2695,GAZAL CHICKEN MASALA STAND UP 100 GM,NOOR GAZAL CHICKEN MASALA STAND UP 100 GM,FINISHED GOODS,CHICKEN MASALA,SPICES,STAND UP,POWDER,100,NON MOVING
2696,2696,GAZAL FISH MASALA STANDUP 100 GM,GAZAL FISH MASALA STANDUP 100 GM,FINISHED GOODS,FISH MASALA,SPICES,STAND UP,POWDER,100,KAHWA SECTION
2697,2697,GAZAL MEAT MASALA STANDUP 100 GM,NOOR GAZAL MEAT MASALA STAND UP 100 GM,FINISHED GOODS,MEAT MASALA,SPICES,STAND UP,POWDER,100,KAHWA SECTION
2698,2698,GAZAL SAMBAR MASALA STANDUP 100 GM,NOOR GAZAL SAMBAR MASALA STAND UP 100 GM,FINISHED GOODS,SAMBAR MASALA,SPICES,BOX,POWDER,100,KAHWA SECTION
2699,2699,GAZAL BIRIYANI MASALA STANDUP 100 GM,NOOR GAZAL BIRIYANI MASALA STANDUP 100 GM,FINISHED GOODS,SAMBAR MASALA,SPICES,STAND UP,POWDER,100,NON MOVING
2700,2700,GAZAL CHAAT MASALA STANDUP 100 GM,NOOR GAZAL CHAAT MASALA STANDUP 100 GM,FINISHED GOODS,CHAAT MASALA,SPICES,STAND UP,POWDER,100,KAHWA SECTION
2704,2704,GAZAL CORIANDER SEED STANDUP 100 GM,NOOR GAZAL CORIANDER SEED STAND UP 100 GM,FINISHED GOODS,CORIANDER SEED,SPICES,STAND UP,WHOLE,100,NON MOVING
2708,2708,GAZAL CHIA SEED 200 GM,NOOR GAZAL CHIA SEED 200 GM,FINISHED GOODS,CHIA SEED,OTHER ITEMS,PILLOW,WHOLE,200,NUTS SECTION
2709,2709,GAZAL CARDAMOM POWDER STANDUP 40 GM,NOOR GAZAL CARDAMOM POWDER STANDUP 40 GM,FINISHED GOODS,CARDAMOM POWDER,SPICES,STAND UP,POWDER,40,NON MOVING
2710,2710,GAZAL CLOVES POWDER STANDUP 30 GM,NOOR GAZAL CLOVES POWDER STANDUP 30 GM,FINISHED GOODS,CLOVES POWDER,SPICES,STAND UP,POWDER,30,KAHWA SECTION
2711,2711,GAZAL GARAM MASALA STAND UP 40 GM,NOOR GAZAL GARAM MASALA STAND UP 40 GM,FINISHED GOODS,GARAM MASALA POWDER,SPICES,STAND UP,POWDER,40,KAHWA SECTION
2712,2712,GAZAL THAKOLAM STANDUP 20 GM,NOOR GAZAL THAKOLAM STANDUP 20 GM,FINISHED GOODS,THAKOLAM,SPICES,STAND UP,WHOLE,20,NON MOVING
2713,2713,GAZAL DRY GINGER STANDUP 40 GM,NOOR GAZAL DRY GINGER STANDUP 40 GM,FINISHED GOODS,DRY GINGER,SPICES,STAND UP,WHOLE,40,NON MOVING
2714,2714,GAZAL BLACK CARDAMOM STAND UP 25 GM,NOOR GAZAL BLACK CARDAMOM STAND UP 25 GM,FINISHED GOODS,BLACK CARDAMOM,SPICES,STAND UP,WHOLE,25,NUTS SECTION
2716,2716,GAZAL BLACK PEPPER WHOLE STANDUP 40 GM,NOOR GAZAL BLACK PEPPER WHOLE STANDUP 40 GM,FINISHED GOODS,BLACK PEPPER,SPICES,STAND UP,POWDER,40,NUTS SECTION
2718,2718,GAZAL NUTMUG STANDUP 40 GM,NOOR GAZAL NUTMUG STANDUP 40 GM,FINISHED GOODS,NUT MEGS WITHOUT SHELL,SPICES,STAND UP,WHOLE,40,NUTS SECTION
2719,2719,GAZAL CARDAMOM STANDUP 30 GM,NOOR GAZAL CARDAMOM STANDUP 30 GM,FINISHED GOODS,CARDAMOM,SPICES,STAND UP,POWDER,30,NUTS SECTION
2720,2720,GAZAL CLOVES STANDUP 40 GM,NOOR GAZAL CLOVES STANDUP 40 GM,FINISHED GOODS,CLOVES,SPICES,STAND UP,WHOLE,40,NUTS SECTION
2721,2721,GAZAL FENNEL SEED STANDUP 40 GM,NOOR GAZAL FENNEL SEED STANDUP 40 GM,FINISHED GOODS,FENNEL SEED,SPICES,STAND UP,WHOLE,40,NUTS SECTION
2722,2722,GAZAL CRUSHED CHILLI STANDUP 40 GM,NOOR GAZAL CRUSHED CHILLI STANDUP 40 GM,FINISHED GOODS,CRUSHED CHILLI,SPICES,STAND UP,WHOLE,40,NON MOVING
2723,2723,GAZAL KASURI METHI STANDUP 25 GM,NOOR GAZAL KASURI METHI STANDUP 25 GM,FINISHED GOODS,KASURI METHI,SPICES,STAND UP,WHOLE,25,KAHWA SECTION
2725,2725,GAZAL SAMBAR MASALA BOX 200 GM SP,NOOR GAZAL SAMBAR MASALA BOX 200 GM SP,FINISHED GOODS,SAMBAR MASALA,SPICES,BOX,POWDER,200,JAR SECTION
2727,2727,GAZAL GOLDEN RAISIN 200 GM SP OFF,NOOR GAZAL GOLDEN RAISIN 200 GM SP OFF,FINISHED GOODS,GOLDEN RAISIN,NUTS & DRY FRUITS,PILLOW,WHOLE,200,NUTS SECTION
2832,2832,GAZAL AL BURAIMI SPECIAL KAHWA 500 GM,NOOR GAZAL AL BURAIMI SPECIAL KAHWA 500 GM,FINISHED GOODS,KAWA AL BURAIMI,OMANI COFFEE,PILLOW,POWDER,500,KAHWA SECTION
2835,2835,GAZAL LONG CHILLI 100 GM,NOOR GAZAL LONG CHILLI 100 GM,FINISHED GOODS,LONG CHILLI STEM CUT,SPICES,PILLOW,WHOLE,100,MASALA TABLE
2841,2841,GAZAL BLACK CHANA 800 GM,NOOR GAZAL BLACK CHANA 800 GM,FINISHED GOODS,BLACK CHANA,PEAS & LENTILES,PILLOW,WHOLE,800,FFS DAL
2843,2843,GAZAL DRY LEMON 300GM SP OFF,NOOR GAZAL DRY LEMON 300GM SP OFF,FINISHED GOODS,DRY LEMON (BLACK),SPICES,PILLOW,WHOLE,300,KAHWA SECTION
2844,2844,GAZAL CRUSHED CHILLI PREMIUM 150 GM,NOOR GAZAL CRUSHED CHILLI PREMIUM 150 GM,FINISHED GOODS,CRUSHED CHILLI,SPICES,PILLOW,WHOLE,150,MASALA TABLE
2845,2845,GAZAL RASAM POWDER BOX 150 GM,NOOR GAZAL RASAM POWDER BOX 150 GM,FINISHED GOODS,RASAM POWDER,SPICES,BOX,POWDER,150,JAR SECTION
,2851,,NOOR GAZAL YANSOON 200 GM,FINISHED GOODS,YANSOON,SPICES,PILLOW,WHOLE,200,NUTS SECTION
2853,2853,GAZAL CHICKEN MASALA BOX 150 GM,NOOR GAZAL CHICKEN MASALA BOX 150 GM,FINISHED GOODS,CHICKEN MASALA POWDER,SPICES,BOX,POWDER,150,JAR SECTION
2854,2854,GAZAL FISH MASALA BOX 150 GM,NOOR GAZAL FISH MASALA BOX 150 GM,FINISHED GOODS,FISH MASALA POWDER,SPICES,BOX,POWDER,150,JAR SECTION
2855,2855,GAZAL MEAT MASALA BOX 150 GM,NOOR GAZAL MEAT MASALA BOX 150 GM,FINISHED GOODS,MEAT MASALA POWDER,SPICES,BOX,POWDER,150,JAR SECTION
2856,2856,GAZAL SAMBAR MASALA BOX 150 GM,NOOR GAZAL SAMBAR MASALA BOX 150 GM,FINISHED GOODS,SAMBAR POWDER,SPICES,BOX,POWDER,150,JAR SECTION
2860,2860,GAZAL CURRY POWDER STAND UP 100 GM,NOOR GAZAL CURRY POWDER STAND UP 100 GM,FINISHED GOODS,CURRY POWDER,SPICES,STAND UP,POWDER,100,KAHWA SECTION
2861,2861,GAZAL CHIA SEED STAND UP 200 GM,NOOR GAZAL CHIA SEED STAND UP 200 GM,FINISHED GOODS,CHIA SEED,SPICES,STAND UP,WHOLE,200,NUTS SECTION
2863,2863,GAZAL SAMBAR POWDER BOX 150 GM SP OFF,NOOR GAZAL SAMBAR MASALA BOX 150 GM SP OFF,FINISHED GOODS,SAMBAR MASALA,SPICES,BOX,POWDER,150,JAR SECTION
2864,2864,GAZAL CUMIN SEEDs 125 GM,NOOR GAZAL CUMIN SEEDS 125 GM,FINISHED GOODS,CUMIN SEED,SPICES,PILLOW,WHOLE,125,FFS DAL
2865,2865,GAZAL CUMIN SEEDs 300 GM,NOOR GAZAL CUMIN SEEDS 300 GM,FINISHED GOODS,CUMIN SEED,SPICES,PILLOW,WHOLE,300,NUTS SECTION
2866,2866,GAZAL CUMIN POWDER 125 GM,NOOR GAZAL CUMIN POWDER 125 GM,FINISHED GOODS,CUMIN SEED,SPICES,PILLOW,POWDER,125,FFS MASALA
2867,2867,GAZAL CUMIN POWDER 300 GM,NOOR GAZAL CUMIN POWDER 300 GM,FINISHED GOODS,CUMIN SEED,SPICES,PILLOW,POWDER,300,FFS MASALA
2869,2869,GAZAL CHILLI POWDER 150 GM N,NOOR GAZAL CHILLI POWDER 150 GM N,FINISHED GOODS,CHILLI POWDER,SPICES,PILLOW,POWDER,150,FFS MASALA
2870,2870,GAZAL KASHMIRI CHILLI POWDER 150 GM,NOOR GAZAL KASHMIRI CHILLI POWDER 150 GM,FINISHED GOODS,CHILLI POWDER (KASHMIRI),SPICES,PILLOW,POWDER,150,FFS MASALA
2871,2871,GAZAL KASHMIRI CHILLI POWDER 300 GM,NOOR GAZAL KASHMIRI CHILLI POWDER 300 GM,FINISHED GOODS,CHILLI POWDER (KASHMIRI),SPICES,PILLOW,POWDER,300,FFS MASALA
2872,2872,GAZAL CRUSHED CHILLI 300 GM,NOOR GAZAL CRUSHED CHILLI 300 GM,FINISHED GOODS,CRUSHED CHILLI,SPICES,PILLOW,WHOLE,300,MASALA TABLE
2873,2873,GAZAL CRUSHED CHILLI 75 GM,NOOR GAZAL CRUSHED CHILLI 75 GM,FINISHED GOODS,CRUSHED CHILLI,SPICES,PILLOW,WHOLE,75,MASALA TABLE
,2874,,NOOR GAZAL GARAM MASALA POWDER 400 GM,FINISHED GOODS,GARAM MASALA POWDER,SPICES,PILLOW,POWDER,400,FFS MASALA
2875,2875,GAZAL GARAM MASALA 150 GM,NOOR GAZAL GARAM MASALA POWDER 150 GM,FINISHED GOODS,GARAM MASALA POWDER,SPICES,PILLOW,POWDER,150,FFS MASALA
2876,2876,GAZAL GARAM MASALA WHOLE 150 GM,NOOR GAZAL GARAM MASALA WHOLE 150 GM,FINISHED GOODS,GARAM MASALA WHOLE,SPICES,PILLOW,WHOLE,150,OMANI AKKA
2877,2877,GAZAL GARAM MASALA WHOLE 400 GM,NOOR GAZAL GARAM MASALA WHOLE 400 GM,FINISHED GOODS,GARAM MASALA WHOLE,SPICES,PILLOW,WHOLE,400,OMANI AKKA
2879,2879,GAZAL OMANI MASALA 700 GM,NOOR GAZAL OMANI MASALA POWDER 700 GM,FINISHED GOODS,OMANI MASALA,SPICES,PILLOW,POWDER,700,FFS MASALA
2880,2880,GAZAL OMANI MASALA 200 GM,NOOR GAZAL OMANI MASALA POWDER 200 GM,FINISHED GOODS,OMANI MASALA,SPICES,PILLOW,POWDER,200,FFS MASALA
2881,2881,GAZAL OMANI MASALA PAPER POUCH 650GM,NOOR GAZAL OMANI MASALA PAPER POUCH 650 GMS,FINISHED GOODS,OMANI MASALA,SPICES,PILLOW,POWDER,650,MASALA TABLE
2882,2882,GAZAL CUMIN SEEDs 700 GM,NOOR GAZAL CUMIN SEEDS 700 GM,FINISHED GOODS,CUMIN SEED,SPICES,PILLOW,WHOLE,700,NUTS SECTION
2886,2886,GAZAL CUMIN POWDER 600 GM,NOOR GAZAL CUMIN POWDER 600 GM,FINISHED GOODS,CUMIN SEED,SPICES,PILLOW,POWDER,600,FFS MASALA
2888,2888,GAZAL FENNEL SEEDS 400 GM,NOOR GAZAL FENNEL SEEDS 400 GM,FINISHED GOODS,FENNEL SEED,SPICES,PILLOW,WHOLE,400,NUTS SECTION
2889,2889,GAZAL OMANI MASALA WHOLE 400 GM,NOOR GAZAL OMANI MASALA WHOLE 400 GM,FINISHED GOODS,OMANI MASALA,SPICES,PILLOW,WHOLE,400,OMANI AKKA
2890,2890,GAZAL OMANI MASALA WHOLE 200 GM,NOOR GAZAL OMANI MASALA WHOLE 200 GM,FINISHED GOODS,OMANI MASALA,SPICES,PILLOW,WHOLE,200,OMANI AKKA
2891,2891,GAZAL OMANI MASALA WHOLE 700 GM,NOOR GAZAL OMANI MASALA WHOLE 700 GM,FINISHED GOODS,OMANI MASALA,SPICES,PILLOW,WHOLE,700,OMANI AKKA
2892,2892,GAZAL OMANI MASALA WHOLE GAZATE 1.1 KG,NOOR GAZAL OMANI MASALA WHOLE GP 1.100 KG,FINISHED GOODS,OMANI MASALA,SPICES,PILLOW,WHOLE,1100,OMANI AKKA
2893,2893,GAZAL OMANI MASALA WHOLE GAZATE 600 GM,NOOR GAZAL OMANI MASALA WHOLE GAZATE 600 GM,FINISHED GOODS,OMANI MASALA,SPICES,PILLOW,WHOLE,600,OMANI AKKA
2894,2894,GAZAL CHILLI POWDER 125 GM,NOOR GAZAL CHILLI POWDER 125 GM,FINISHED GOODS,CHILLI POWDER,SPICES,PILLOW,POWDER,125,FFS MASALA
,2895,GAZAL CHILLI POWDER 350 GM N,NOOR GAZAL CHILLI POWDER 350 GM N,FINISHED GOODS,CHILLI POWDER,SPICES,PILLOW,POWDER,350,FFS MASALA
2896,2896,GAZAL CHILLI POWDER 750 GM,NOOR GAZAL CHILLI POWDER 750 GM,FINISHED GOODS,CHILLI POWDER,SPICES,PILLOW,POWDER,750,FFS MASALA
,2897,GAZAL CHILLI POWDER 70 GM,NOOR GAZAL CHILLI POWDER 70 GM,FINISHED GOODS,CHILLI POWDER,SPICES,PILLOW,POWDER,70,FFS MASALA
2898,2898,GAZAL KASHMIRI CHILLI POWDER 750 GM,NOOR GAZAL KASHMIRI CHILLI POWDER 750 GM,FINISHED GOODS,CHILLI POWDER (KASHMIRI),SPICES,PILLOW,POWDER,750,FFS MASALA
,2899,,NOOR GAZAL CRUSHED CHILLI 125 GM (vs),FINISHED GOODS,CRUSHED CHILLI,SPICES,PILLOW,WHOLE,125,MASALA TABLE
2900,2900,GAZAL OMANI MASALA 500 GM,NOOR GAZAL OMANI MASALA POWDER 500 GM (VS),FINISHED GOODS,OMANI MASALA,SPICES,PILLOW,POWDER,500,FFS MASALA
2901,2901,GAZAL LONG CHILLI 125 GM,NOOR GAZAL LONG CHILLI 125 GM,FINISHED GOODS,LONG CHILLI STEM CUT,SPICES,PILLOW,WHOLE,125,MASALA TABLE
2902,2902,GAZAL FENNEL SEEDS 150 GM,NOOR GAZAL FENNEL SEEDS 150 GM,FINISHED GOODS,FENNEL SEED,SPICES,PILLOW,WHOLE,150,NUTS SECTION
2903,2903,GAZAL FENNEL SEEDS 750 GM,NOOR GAZAL FENNEL SEEDS 750 GM,FINISHED GOODS,FENNEL SEED,SPICES,PILLOW,WHOLE,750,NUTS SECTION
,2905,,NOOR GAZAL GARAM MASALA WHOLE 75 GM  (VS),FINISHED GOODS,GARAM MASALA POWDER,SPICES,PILLOW,WHOLE,75,OMANI AKKA
,2906,,NOOR GAZAL CUMIN POWDER 75 GM,FINISHED GOODS,CUMIN SEED,SPICES,PILLOW,POWDER,75,FFS MASALA
2908,2908,GAZAL MIX MASALA BOX 150 GM,NOOR GAZAL MIX MASALA BOX 150 GM,FINISHED GOODS,MIX MASALA,SPICES,BOX,POWDER,150,JAR SECTION
2909,2909,GAZAL BIRIYANI MASALA BOX 50 GM,NOOR GAZAL BIRIYANI MASALA BOX 50 GM,FINISHED GOODS,BIRIYANI MASALA,SPICES,BOX,POWDER,50,JAR SECTION
2952,2952,GAZAL VEGETABLE MASALA BOX 150 GM,NOOR GAZAL VEGETABLE MIX MASALA 150 GM,FINISHED GOODS,VEGETABLE MIX MASALA,SPICES,BOX,POWDER,150,JAR SECTION
3029,3029,GAZAL FAVA BEAN SPLIT 700 GM,NOOR GAZAL FAWA BEAN SPLIT 700 GM,FINISHED GOODS,FAWA BEAN SPLIT,CEREALS & FLOUR,PILLOW,WHOLE,700,FFS DAL
,3030,,NOOR GAZAL HAREES AL DAAR 1 KG,FINISHED GOODS,HAREES AL DAAR,CEREALS & FLOUR,PILLOW,WHOLE,1000,FFS DAL
3032,3032,GAZAL HUB HAREES AL DAAR 2 KG,NOOR GAZAL HAREES AL DAAR 2 KG,FINISHED GOODS,HAREES AL DAAR,CEREALS & FLOUR,PILLOW,WHOLE,2000,FFS DAL
3034,3034,GAZAL HUB HAREES AL DAAR 4 KG,NOOR GAZAL HUB HAREES AL DAAR 4 KG,FINISHED GOODS,HAREES AL DAAR,CEREALS & FLOUR,PILLOW,WHOLE,4000,FFS DAL
3035,3035,GAZAL CARDAMOM 400 GM SP OFF,NOOR GAZAL CARDAMOM 400 GM SP OFF,FINISHED GOODS,CARDAMOM,SPICES,PILLOW,WHOLE,400,NUTS SECTION
3036,3036,GAZAL BLACK CHANA 2 KG SP OFF,NOOR GAZAL BLACK CHANA 2 KG SP OFF,FINISHED GOODS,BLACK CHANA,PEAS & LENTILES,PILLOW,WHOLE,2000,FFS DAL
3039,3039,GAZAL OMANI MASALA 400 GM SP OFF,NOOR GAZAL OMANI MASALA 400 GM SP OFF,FINISHED GOODS,OMANI MASALA,SPICES,PILLOW,POWDER,400,FFS MASALA
3040,3040,GAZAL MEAT MASALA JAR 225 GM X 2,NOOR GAZAL MEAT MASALA JAR 225 GM X 2,FINISHED GOODS,MEAT MASALA,SPICES,JAR,POWDER,450,JAR SECTION
3041,3041,GAZAL MADRAS CURRY POWDER TIN 400 GM X 2,NOOR GAZAL MADRAS TIN 400 GM X 2,FINISHED GOODS,MADRAS CURRY POWDER,SPICES,TIN,POWDER,800,JAR SECTION
3043,3043,GAZAL GOLDEN RAISINS 400GM+CASHEW NUT 300GM,NOOR GAZAL GOLDEN RAISIN 400 GM + CASHEWNUT 300 GM,FINISHED GOODS,GOLDEN RASIN AND CASHEW NUT,NUTS & DRY FRUITS,PILLOW,WHOLE,,NUTS SECTION
3044,3044,GAZAL CORIANDER SEED 400 GM SP OFF,NOOR GAZAL CORIANDER SEED 400 GM SP OFF,FINISHED GOODS,CORIANDER SEED,SPICES,PILLOW,WHOLE,400,NUTS SECTION
3045,3045,GAZAL OMANI MASALA WHOLE GAZATE 600 GM SP OFFER,NOOR GAZAL OMANI MASALA WHOLE GP 600 GM SP OFF,FINISHED GOODS,OMANI MASALA,SPICES,PILLOW,WHOLE,600,OMANI AKKA
3046,3046,GAZAL CRUSHED CHILLI 300 GM SP OFF,NOOR GAZAL CRUSHED CHILLI 300 GM SP OFF,FINISHED GOODS,CRUSHED CHILLI,SPICES,PILLOW,WHOLE,300,MASALA TABLE
3047,3047,GAZAL OMANI MASALA WHOLE 400 GM SP OFF,NOOR GAZAL OMANI MASALA WHOLE 400 GM SP OFF,FINISHED GOODS,OMANI MASALA,SPICES,PILLOW,WHOLE,400,OMANI AKKA
3048,3048,GAZAL OMANI MASALA WHOLE GAZATE 1.1 KG SP OFF,NOOR GAZAL OMANI MASALA WHOLE 1.1 KG GP SP OFF,FINISHED GOODS,OMANI MASALA,SPICES,PILLOW,WHOLE,1100,OMANI AKKA
3049,3049,GAZAL OMANI MASALA PAPER POUCH 650GM SP OFF,NOOR GAZAL OMANI MASALA PAPER POUCH 650 GM SP OFF,FINISHED GOODS,OMANI MASALA POWDER,SPICES,PILLOW,POWDER,650,MASALA TABLE
3050,3050,GAZAL WHITE RICE 1.5KG,NOOR GAZAL WHITE RICE 1.5 KG,FINISHED GOODS,WHITE RICE,CEREALS & FLOUR,PILLOW,WHOLE,1500,FFS DAL
3052,3052,GAZAL OMANI MASALA JAR 800 GM SP OFF,NOOR GAZAL OMANI MASALA JAR 800 GM SP OFF,FINISHED GOODS,OMANI MASALA POWDER,SPICES,JAR,POWDER,800,JAR SECTION
3053,3053,GAZAL KAHWA AL IZZ AL SEELANIYA 800 GM,NOOR GAZAL KAHWA AL IZZ AL SEELANIYA 800 GM,FINISHED GOODS,SEELANIYA,OMANI COFFEE,PILLOW,POWDER,800,KAHWA SECTION
,3054,GAZAL KAHWA AL IZZ AL SEELANIYA 450 GM,NOOR GAZAL KAHWA AL IZZ AL SEELANIYA 450 GM,FINISHED GOODS,SEELANIYA,OMANI COFFEE,PILLOW,POWDER,450,KAHWA SECTION
,3055,GAZAL BLACK RAISIN 300 GM,NOOR GAZAL BLACK RAISIN 300 GM,FINISHED GOODS,BLACK RAISINS,NUTS & DRY FRUITS,PILLOW,WHOLE,300,NUTS SECTION
3058,3058,GAZAL TAMARIND PASTE 280 GM,NOOR GAZAL TAMARIND PASTE 280 GM,FINISHED GOODS,TAMARIND,OTHER ITEMS,PILLOW,WHOLE,280,MASALA TABLE
3059,3059,GAZAL GARAM MASALA 400 GM,NOOR GAZAL GARAM MASALA 400 GM SP OFF,FINISHED GOODS,GARAM MASALA POWDER,SPICES,PILLOW,POWDER,400,FFS MASALA
3060,3060,GAZAL KASHMIRI CHILLI POWDER 400 GM SP OFF,NOOR GAZAL KASHMIRI CHILLI POWDER 400 GM SP OFF,FINISHED GOODS,KASHMIRI CHILLI POWDER,SPICES,PILLOW,POWDER,400,FFS MASALA
3061,3061,GAZAL CORIANDER P + CHILLI P 300 GM EACH,NOOR GAZAL CHILLI (P)+ CORIANDER (P) 300 GM EACH,FINISHED GOODS,CHILLI POWDER AND CORIANDER POWDER,SPICES,PILLOW,POWDER,600,FFS MASALA
3062,3062,GAZAL ZAHTER 50 GM SP OFF,NOOR GAZAL ZAHTER 50 GM SP OFF,FINISHED GOODS,ZAHTHER,SPICES,PILLOW,WHOLE,50,NUTS SECTION
1922,3066,GAZAL BLACK CARDAMOM 100 GM,NOOR GAZAL BLACK CARDAMOM 100 GM,FINISHED GOODS,BLACK CARDAMOM,SPICES,PILLOW,WHOLE,100,NUTS SECTION
3068,3068,GAZAL KAHWA AL SHUYUKH 800 GM,NOOR GAZAL KAHWA AL SHUYUKH 800 GM,FINISHED GOODS,SHUYUKH,OMANI COFFEE,PILLOW,POWDER,800,KAHWA SECTION
3069,3069,GAZAL KAHWA AL KHAASA 800 GM,NOOR GAZAL KAHWA AL KHAASA 800 GM,FINISHED GOODS,KHAASA,OMANI COFFEE,PILLOW,POWDER,800,KAHWA SECTION
,3070,GAZAL KASURI METHI BOX 50 GM,NOOR GAZAL KASURI METHI BOX 50 GM,FINISHED GOODS,KASURI METHI,SPICES,BOX,WHOLE,50,JAR SECTION
,3071,GAZAL COMPOUNDED ASAFOETIDA (HING) BOX 100 GM,NOOR GAZAL COMPOUNDED ASAFOETIDA (HING) BOX 100 GM,FINISHED GOODS,COMPOUNDED ASAFOETIDA (HING),OTHER ITEMS,BOX,WHOLE,100,JAR SECTION
3072,3072,GAZAL SEMOLINA 2 KG,NOOR GAZAL SEMOLINA 2 KG,FINISHED GOODS,SEMOLINA,CEREALS & FLOUR,PILLOW,WHOLE,2000,FFS MASALA
3074,3074,GAZAL TAMARIND PASTE 280GMX3,NOOR GAZAL TAMARIND PASTE 280GMX3,FINISHED GOODS,TAMARIND,OTHER ITEMS,PILLOW,WHOLE,300,PROMOTION TABLE
,3075,GAZAL CARDAMOM 125 GM SP OFFER,NOOR GAZAL CARDAMOM 125 GM SP OFFER,FINISHED GOODS,CARDAMOM,SPICES,PILLOW,WHOLE,125,NUTS SECTION
3076,3076,GAZAL WHITE PEPPER 100 GM,NOOR GAZAL WHITE PEPPER 100 GM,FINISHED GOODS,WHITE PEPPER,SPICES,PILLOW,WHOLE,100,NUTS SECTION
3077,3077,GAZAL FLAX SEED 200GM,NOOR GAZAL FLAX SEED 200GM,FINISHED GOODS,FLAX SEED,OTHER ITEMS,PILLOW,WHOLE,200,NUTS SECTION
3078,3078,GAZAL FLAX SEED 500 GM,NOOR GAZAL FLAX SEED 500GM,FINISHED GOODS,FLAX SEED,OTHER ITEMS,PILLOW,WHOLE,500,NUTS SECTION
3079,3079,GAZAL FENNEL POWDER 100 GM,NOOR GAZAL FENNEL POWDER 100 GM,FINISHED GOODS,FENNEL POWDER,SPICES,PILLOW,POWDER,100,MASALA TABLE
3081,3081,GAZAL PAPPADAM 100 GM,NOOR GAZAL PAPPADAM 100 GM,FINISHED GOODS,PAPPADAM,OTHER ITEMS,BOX,WHOLE,100,JAR SECTION
3083,3083,GAZAL CRUSHED CHILLI 150 GM SP OFF,NOOR GAZAL CRUSHED CHILLI 150 GM SP OFFER,FINISHED GOODS,CRUSHED CHILLI,SPICES,PILLOW,WHOLE,150,MASALA TABLE
3084,3084,GAZAL CHILLI POWDER 400GM SP OFF,NOOR GAZAL CHILLI POWDER 400GM SP OFFER,FINISHED GOODS,CHILLI POWDER,SPICES,PILLOW,POWDER,400,FFS MASALA
3085,3085,GAZAL CHILLI POWDER 800GM SP OFF,NOOR GAZAL CHILLI POWDER 800GM SP OFFER,FINISHED GOODS,CHILLI POWDER,SPICES,PILLOW,POWDER,800,FFS MASALA
3089,3089,GAZAL PAPRIKA POWDER JAR 230 GM,NOOR GAZAL PAPRIKA POWDER JAR 230 GM,FINISHED GOODS,PAPRIKA POWDER,SPICES,JAR,POWDER,230,JAR SECTION
3091,3091,GAZAL AL BURAIMI SPECIAL KAHWA 800 GM,NOOR GAZAL AL BURAIMI SPECIAL KAHWA 800 GM,FINISHED GOODS,BURAIMI,OMANI COFFEE,PILLOW,POWDER,800,KAHWA SECTION
3093,3093,GAZAL KASHMIRI CHILLI WHOLE 80 GM,NOOR GAZAL KASHMIRI CHILLI WHOLE 80 GM,FINISHED GOODS,KASHMIRI CHILLI WHOLE,SPICES,PILLOW,WHOLE,80,MASALA TABLE
3164,3164,GAZAL GARAM MASALA 4 KG,NOOR GAZAL GARAM MASALA 4KG,FINISHED GOODS,GARAM MASALA POWDER,SPICES,PILLOW,POWDER,4000,MASALA TABLE
,3169,,NOOR GAZAL SAMBAR MASALA BOX 100 GM,FINISHED GOODS,SAMBAR MASALA,SPICES,BOX,POWDER,100,JAR SECTION
,3170,,NOOR GAZAL DESICATED COCONUT 150 GM,FINISHED GOODS,DES COCONUT,CEREALS & FLOUR,PILLOW,WHOLE,150,KAHWA SECTION
,3171,,NOOR GAZAL DESICATED COCONUT 400 GM,FINISHED GOODS,DES COCONUT,CEREALS & FLOUR,PILLOW,WHOLE,400,KAHWA SECTION
3172,3172,GAZAL ROASTED CUMIN POWDER 10 KG,NOOR GAZAL ROASTED CUMIN POWDER 10 KG,FINISHED GOODS,CUMIN POWDER,SPICES,BAG,POWDER,10000,MASALA TABLE
,3173,GAZAL GARLIC POWDER 1 KG,NOOR GAZAL GARLIC POWDER 1 KG,FINISHED GOODS,GARLIC POWDER,SPICES,PILLOW,POWDER,1000,JAR SECTION
3175,3175,GAZAL HUB HAREES AL DAAR 1 KG,NOOR GAZAL HAREES AL DAAR 1 KG RM SP OFF,FINISHED GOODS,HAREES AL DAAR,CEREALS & FLOUR,PILLOW,CLEANLY - WHOLE,1000,FFS DAL
,3178,,GAZAL CORIANDER POWDER 1 KG,FINISHED GOODS,CORIANDER POWDER,SPICES,PILLOW,POWDER,1000,FFS MASALA
,3180,,NOOR GAZAL   CINNAMON POWDER 500 GM,FINISHED GOODS,CINNAMON POWDER,SPICES,PILLOW,POWDER,500,MASALA TABLE
,3183,,NOOR GAZAL   CUMIN SEED 500 GM,FINISHED GOODS,CUMIN SEED,SPICES,PILLOW,WHOLE,500,NUTS SECTION
,3232,,NOOR GAZAL DESICATED COCONUT PREMIUM 800 GM,FINISHED GOODS,DES COCONUT,CEREALS & FLOUR,PILLOW,POWDER,800,KAHWA SECTION
,3233,,NOOR GAZAL COMPLIMENT PACK,FINISHED GOODS,MIXED NUTS,NUTS & DRY FRUITS,PILLOW,,40,NUTS SECTION
3234,3234,GAZAL PEPRICA POWDER 1 KG,NOOR GAZAL PAPRIKA POWDER 1 KG,FINISHED GOODS,PAPRIKA POWDER,SPICES,PILLOW,POWDER,1000,JAR SECTION
,3237,,NOOR GAZAL KAHWA MUMAYZA JAR 600GM,FINISHED GOODS,KAWA SEELANI POWDER,OMANI COFFEE,JAR,POWDER,600,KAHWA SECTION
3238,3238,GAZAL MEAT MASALA 5 KG,NOOR GAZAL MEAT MASALA 5 KG,FINISHED GOODS,MEAT MASALA,SPICES,PILLOW,POWDER,5000,JAR SECTION
3239,3239,GAZAL HORSE GRAM POWDER 10KG,NOOR GAZAL HORSE GRAM POWDER 10 KG,FINISHED GOODS,HORSE GRAM POWDER,CEREALS & FLOUR,BAG,POWDER,10000,RICE FLOUR MILL
2572,Discontinued,GAZAL GREEN CARDAMOM 200 GM,Discontinued,,,,,,,
NI0022,NI0022,CLEAR TAPE,BOMM CLEAR TAPE,CONSUMABLE,BOMM CLEAR TAPE,OTHER ITEMS,,,,
1209,Not Available,GAZAL JEERA POWDER JAR 250g,Discontinued,,,,,,,
,Not available,GAZAL LEMON SALT 500 GM,Discontinued,,,,,,,
,OTHER INCOME,OTHER INCOME,OTHER INCOME,,,,,,,
,PM0013,,1200 ML JAR,PACKING MATERIALS,1200 ML JAR,JAR & CAPS,,,,
,PM0015,,83 MM IVORY CAP WITH WAD,PACKING MATERIALS,83 MM IVORY CAP WITH WAD,JAR & CAPS,,,,
,PM0016,472 ML JAR,472 ML JAR,PACKING MATERIALS,472 ML JAR,JAR & CAPS,,,,PACKING MATERIALS
,PM0186,40 KG BAG,40 KG BAG FOR DAL,PACKING MATERIALS,40 KG BAG FOR DAL,KEES & BAG,,,,PACKING MATERIALS
,PM0188,15 KG BAG,15 KG BAG FOR MASALA,PACKING MATERIALS,15 KG BAG FOR MASALA,KEES & BAG,,,,PACKING MATERIALS
1427,RM0001,AJWAN,AJWAN,RAW MATERIALS,AJWAN,SPICES,Bag,,,RAW MATERIALS
,RM0002,BLACK CARDAMOM,BLACK CARDAMOM,RAW MATERIALS,BLACK CARDAMOM,SPICES,,,,
RM0003,RM0003,BLACK PEPPER GRINDING,BLACK PEPPER GRINDING,RAW MATERIALS,BLACK PEPPER POWDER,SPICES,Bag,,,
RM0004,RM0004,BLACK PEPPER PACKING,BLACK PEPPER,RAW MATERIALS,BLACK PEPPER,SPICES,Bag,,,RAW MATERIALS
1438,RM0005,CARDAMOM MLG,CARDAMOM MLG,RAW MATERIALS,CARDAMOM MLG,SPICES,Bag,,,RAW MATERIALS
RM0006,RM0006,CARDAMOM GOP,CARDAMOM GOP,RAW MATERIALS,CARDAMOM,SPICES,Bag,,,
,RM0007,CARDAMOM GRINDING,CARDAMOM GRINDING,RAW MATERIALS,CARDAMOM POWDER,SPICES,,,,
,RM0008,,CARDAMOM PACKING,RAW MATERIALS,CARDAMOM PACKING,SPICES,Bag,,,
RM0009,RM0009,KASHMIRI CHILLI WHOLE,KASHMIRI CHILLI WHOLE,RAW MATERIALS,KASHMIRI CHILLI WHOLE,SPICES,Bag,,,
RM0010,RM0010,CHILLI POWDER (KASHMIRI),CHILLI POWDER (KASHMIRI),RAW MATERIALS,CHILLI POWDER (KASHMIRI),SPICES,Bag,,,
RM0011,RM0011,CHILLI POWDER INDIA NO:1,CHILLI POWDER,RAW MATERIALS,CHILLI POWDER,SPICES,Bag,,,
RM0012,RM0012,CINNAMON GRINDING,CINNAMON GRINDING,RAW MATERIALS,CINNAMOM POWDER,SPICES,Bag,,,
RM0013,RM0013,CINNAMON PACKING,CINNAMON,RAW MATERIALS,CINNAMOM,SPICES,Bag,,,
RM0014,RM0014,CLOVES,CLOVES,RAW MATERIALS,CLOVES,SPICES,Bag,,,
RM0015,RM0015,CORIANDER SEEDS NO:2,CORIANDER SEEDS NO:2,RAW MATERIALS,CORIANDER POWDER,SPICES,bAG,,,
RM0016,RM0016,CORIANDER SEEDS PACKING,CORIANDER SEEDS,RAW MATERIALS,CORIANDER SEED,SPICES,Bag,,,
RM0017,RM0017,CRUSHED CHILLI,CRUSHED CHILLI,RAW MATERIALS,CRUSHED CHILLI,SPICES,bAG,,,
RM0018,RM0018,CUMIN SEEDS GRINDING,CUMIN SEEDS GRINDING,RAW MATERIALS,CUMIN POWDER,SPICES,Bag,,,
1583,RM0019,CUMIN SEEDS PACKING,CUMIN SEEDS,RAW MATERIALS,CUMIN SEEDS,SPICES,BAG,,,
RM0021,RM0021,DRY GINGER,DRY GINGER,RAW MATERIALS,DRY GINGER,SPICES,Bag,,,
,RM0022,DRY LEMON (WHITE),DRY LEMON (WHITE),RAW MATERIALS,DRY LEMON (WHITE),SPICES,,,,
105,RM0023,FENNEL SEED. NO 1,FENNEL SEED,RAW MATERIALS,FENNEL SEED,SPICES,Bag,,,RAW MATERIALS
RM0024,RM0024,FENNEL SEED. NO 2,FENNEL SEED. GRINDING,RAW MATERIALS,FENNEL POWDER,SPICES,bAG,,,
,RM0025,,FENUGREEK,RAW MATERIALS,FENUGREEK,SPICES,Bag,,,
RM0027,RM0027,HING POWDER,HING POWDER,RAW MATERIALS,HING POWDER,SPICES,Bag,,,
RM0029,RM0029,LONG CHILLI STEM LESS,LONG CHILLI STEM LESS,RAW MATERIALS,LONG CHILLI STEM CUT,SPICES,Bag,,,
RM0033,RM0033,MUSTARD SEEDS,MUSTARD SEEDS,RAW MATERIALS,MUSTARD SEEDS,SPICES,Bag,,,
,RM0034,NUT MEGS WITH SHELL,NUT MEGS WITH SHELL,RAW MATERIALS,NUT MEGS WITH SHELL,SPICES,Bag,,,
,RM0036,PAPRIKA POWDER,PAPRIKA POWDER,RAW MATERIALS,PAPRIKA POWDER,SPICES,Bag,,,
RM0038,RM0038,ROUND CHILLI,ROUND CHILLI,RAW MATERIALS,ROUND CHILLI,SPICES,Bag,,,
RM0039,RM0039,TESH PATHA,TESH PATHA,RAW MATERIALS,TESH PATHA,SPICES,Bag,,,RAW MATERIALS
,RM0041,TURMERIC FINGER (CUDDAPH),TURMERIC FINGER (CUDDAPH),RAW MATERIALS,TURMERIC POWDER,SPICES,,,,
,RM0042,TURMERIC FINGER(RAJAPURI),TURMERIC FINGER(RAJAPURI),RAW MATERIALS,TURMERIC POWDER,SPICES,,,,
RM0046,RM0046,KAWA SEEDS,KAWA SEEDS,RAW MATERIALS,KAHWA SEELANIYA,OMANI COFFEE,Bag,,,
RM0049,RM0049,BLACK CHANA,BLACK CHANA,RAW MATERIALS,BLACK CHANA,PEAS & LENTILES,Bag,,,
RM0050,RM0050,BLACK EYE BEANS,BLACK EYE BEANS,RAW MATERIALS,BLACK EYE BEANS,PEAS & LENTILES,Bag,,,
1217,RM0051,BROAD BEANS,BROAD BEANS,RAW MATERIALS,BROAD BEANS,PEAS & LENTILES,,,,
RM0052,RM0052,CHANA DAL,CHANA DAL,RAW MATERIALS,CHANA DAL,PEAS & LENTILES,Bag,,,
,RM0054,FASOOLIYA,FASOOLIYA,RAW MATERIALS,FASOOLIYA,PEAS & LENTILES,,,,
RM0056,RM0056,MASOOR DAL,MASOOR DAL,RAW MATERIALS,MASOOR DAL,PEAS & LENTILES,Bag,,,
RM0057,RM0057,MASOOR WHOLE,MASOOR WHOLE,RAW MATERIALS,MASOOR WHOLE,PEAS & LENTILES,bAG,,,
RM0058,RM0058,MOONG DAL,MOONG DAL,RAW MATERIALS,MOONG DAL,PEAS & LENTILES,Bag,,,
RM0059,RM0059,MOONG SPLIT,MOONG SPLIT,RAW MATERIALS,MOONG SPLIT,PEAS & LENTILES,BAG,,,
RM0060,RM0060,MOONG WHOLE,MOONG WHOLE,RAW MATERIALS,MOONG WHOLE,PEAS & LENTILES,Bag,,,
RM0061,RM0061,MUTTER DAL,MUTTER DAL,RAW MATERIALS,MUTTER DAL,PEAS & LENTILES,Bag,,,
RM0062,RM0062,POP CORN,POP CORN,RAW MATERIALS,POP CORN,PEAS & LENTILES,Bag,,,
RM0063,RM0063,R.K BEANS,R.K BEANS,RAW MATERIALS,R.K BEANS,PEAS & LENTILES,Bag,,,
RM0064,RM0064,ROSE MUNG,ROSE MUNG,RAW MATERIALS,ROSE MUNG,PEAS & LENTILES,Bag,,,
RM0065,RM0065,TOOR DAL,TOOR DAL,RAW MATERIALS,TOOR DAL,PEAS & LENTILES,Bag,,,
RM0066,RM0066,URID DAL,URID DAL,RAW MATERIALS,URID DAL,PEAS & LENTILES,Bag,,,
1293,RM0067,URID WHOLE (BLACK),URID WHOLE (BLACK),RAW MATERIALS,URID WHOLE (BLACK),PEAS & LENTILES,,,,
,RM0068,URID WHOLE (WHITE),URID WHOLE (WHITE),RAW MATERIALS,URID WHOLE (WHITE),PEAS & LENTILES,Bag,,,
RM0069,RM0069,WHITE CHANA 14.MM,WHITE CHANA,RAW MATERIALS,WHITE CHANA,PEAS & LENTILES,Bag,,,
,RM0071,BARLEY,BARLEY,RAW MATERIALS,BARLEY,CEREALS& FLOURS,,,,
RM0074,RM0074,CORN FLOUR,CORN FLOUR,RAW MATERIALS,CORN FLOUR,CEREALS& FLOURS,Bag,,,
,RM0075,DES COCONUT,DES COCONUT,RAW MATERIALS,DES COCONUT,CEREALS& FLOURS,Bag,,,
1546,RM0077,HUB HAREES (NOOR),HUB HAREES (NOOR),RAW MATERIALS,HUB HAREES (NOOR),CEREALS& FLOURS,Bag,,,RAW MATERIALS
RM0080,RM0080,RAGGI SEEDS,RAGGI SEEDS,RAW MATERIALS,RAGGI SEEDS,CEREALS& FLOURS,BAG,,,
165,RM0081,SAGU SEEDS,SAGU SEEDS,RAW MATERIALS,SAGU SEEDS,CEREALS& FLOURS,Bag,,,
RM0082,RM0082,SEMOLINA,SEMOLINA,RAW MATERIALS,SEMOLINA,CEREALS& FLOURS,bAG,,,
RM0083,RM0083,SESAME SEEDS,SESAME SEEDS,RAW MATERIALS,SESAME SEEDS,CEREALS& FLOURS,Bag,,,
RM0084,RM0084,SOYAWADI,SOYA BARI,RAW MATERIALS,SOYA BARI,CEREALS& FLOURS,Bag,,,
RM0085,RM0085,WHITE RICE PACKING,WHITE RICE,RAW MATERIALS,WHITE RICE,CEREALS& FLOURS,Bag,,,
RM0086,RM0086,ALMONDS 20/22 .68,ALMONDS,RAW MATERIALS,ALMONDS 20/22 68,NUTS & DRY FRUITS,Bag,,,
,RM0087,BLACK RAISINS,BLACK RAISINS,RAW MATERIALS,BLACK RAISINS,NUTS & DRY FRUITS,Bag,,,
1691,RM0088,CASHEW BROCKEN,CASHEW BROCKEN,RAW MATERIALS,CASHEW BROCKEN,NUTS & DRY FRUITS,Bag,,,RAW MATERIALS
RM0089,RM0089,CASHEW NUTS W 240,CASHEW NUTS W 240,RAW MATERIALS,CASHEW NUTS W 240,NUTS & DRY FRUITS,Bag,,,
RM0090,RM0090,CASHEW NUTS W 320,CASHEW NUTS W 320,RAW MATERIALS,CASHEW NUTS W 320,NUTS & DRY FRUITS,Bag,,,
RM0091,RM0091,GOLDEN RAISINS,GOLDEN RAISINS,RAW MATERIALS,GOLDEN RAISINS,NUTS & DRY FRUITS,Bag,,,
RM0093,RM0093,PEANUT PLAIN,PEANUT,RAW MATERIALS,PEANUT,NUTS & DRY FRUITS,Bag,,,
RM0094,RM0094,PISTACHIO KERNALS,PISTACHIO KERNALS,RAW MATERIALS,PISTACHIO,NUTS & DRY FRUITS,Bag,,,
RM0095,RM0095,PISTACHIO,PISTACHIO,RAW MATERIALS,PISTACHIO,NUTS & DRY FRUITS,Bag,,,
RM0097,RM0097,RICE FLAKES RED,RICE FLAKES RED,RAW MATERIALS,RICE FLAKES RED,NUTS & DRY FRUITS,Bag,,,
RM0098,RM0098,RICE FLAKES WHITE,RICE FLAKES WHITE,RAW MATERIALS,RICE FLAKES WHITE,NUTS & DRY FRUITS,Bag,,,
,RM0099,,ROASTED GRAM WHOLE,RAW MATERIALS,ROASTED GRAM WHOLE,NUTS & DRY FRUITS,Bag,,,
,RM0100,ROASTED CHANA,ROASTED CHANA,RAW MATERIALS,ROASTED CHANA,NUTS & DRY FRUITS,Bag,,,RAW MATERIALS
RM0101,RM0101,ROASTED GRAM,ROASTED GRAM,RAW MATERIALS,ROASTED GRAM,NUTS & DRY FRUITS,Bag,,,
,RM0102,,WALNUT,RAW MATERIALS,WALNUT,NUTS & DRY FRUITS,Bag,,,
RM0103,RM0103,BAKING SODA,BAKING SODA,RAW MATERIALS,BAKING SODA,OTHER ITEMS,BAG,,,
1967,RM0106,BLACK JEERA,BLACK JEERA,RAW MATERIALS,BLACK JEERA,OTHER ITEMS,Bag,,,RAW MATERIALS
,RM0107,ROSELLE,ROSELLE,RAW MATERIALS,ROSELLE,OTHER ITEMS,Bag,,,RAW MATERIALS
1584,RM0110,ZAHATAR PACKING,ZAHATAR,RAW MATERIALS,ZAHATAR,OTHER ITEMS,Bag,,,
RM0111,RM0111,CHIA SEED,CHIA SEED,RAW MATERIALS,CHIA SEED,OTHER ITEMS,BAG,,,
,RM0112,HUB AL HAMRA,HUB AL HAMRA,RAW MATERIALS,HUB AL HAMRA,OTHER ITEMS,,,,
,RM0114,JAGGERY KG,JAGGERY KG,RAW MATERIALS,JAGGERY,OTHER ITEMS,,,,
RM0115,RM0115,LEMON SALT,LEMON SALT,RAW MATERIALS,LEMON SALT,OTHER ITEMS,BAG,,,
,RM0117,CARDAMOM GRINDING (INDIA),CARDAMOM GRINDING (INDIA),RAW MATERIALS,CARDAMOM POWDER,SPICES,,,,
RM0118,RM0118,CARDAMOM PACKING (INDIA),CARDAMOM PACKING (INDIA),RAW MATERIALS,CARDAMOM,SPICES,Bag,,,
,RM0120,FAVA BEANS SPLIT,FAVA BEANS SPLIT,RAW MATERIALS,FAVA BEANS SPILIT,PEAS & LENTILES,,,,
RM0121,RM0121,GREEN PEAS,GREEN PEAS,RAW MATERIALS,GREEN PEAS,CEREALS& FLOURS,bAG,,,
,RM0122,URID SPLIT,URID SPLIT,RAW MATERIALS,URID SPLIT,PEAS & LENTILES,Bag,,,
,RM0123,HUB HAREES (AL DAAR),HUB HAREES (AL DAAR),RAW MATERIALS,HAREES AL DAAR,CEREALS& FLOURS,Bag,,,
RM0127,RM0127,HING (VANADEVI) 100 GM. CTN.,HING (VANADEVI) 100 GM. CTN.,RAW MATERIALS,HING (VANADEVI) 100 GM. CTN.,OTHER ITEMS,Bag,,,
1154,RM0128,HING (VANADEVI) 50 GM. CTN.,HING (VANADEVI) 50 GM. CTN.,RAW MATERIALS,HING (VANADEVI) 50 GM. CTN.,OTHER ITEMS,,,,
RM0129,RM0129,L.G. HING,L.G. HING,RAW MATERIALS,COMPOUNDED ASFOETIDA (HING),OTHER ITEMS,Bag,,,
,RM0131,,KASOORI METHI (A1),RAW MATERIALS,KASOORI METHI (A1),OTHER ITEMS,Bag,,,
RM0134,RM0134,DRY LEMON (BLACK),DRY LEMON (BLACK),RAW MATERIALS,DRY LEMON (BLACK),SPICES,Bag,,,RAW MATERIALS
RM0144,RM0144,FLAX SEED,FLAX SEED,RAW MATERIALS,FLAX SEED,OTHER ITEMS,BAG,,,
RM0147,RM0147,ROASTED BLACK CHANA,ROASTED BLACK CHANA,RAW MATERIALS,ROASTED BLACK CHANA,PEAS & LENTILES,Bag,WHOLE,,
0101,SFG0032,BLACK PEPPER POWDER,BLACK PEPPER POWDER,SEMI-FINISHED GOODS,BLACK PEPPER POWDER,SPICES,BAG,POWDER,1000,MASALA MILL
,SFG0038,,CINNAMON POWDER,SEMI-FINISHED GOODS,CINNAMON POWDER,SPICES,BAG,POWDER,1000,TURMERIC MILL
0107,SFG0040,CORIANDER POWDER,CORIANDER POWDER,SEMI-FINISHED GOODS,CORIANDER POWDER,SPICES,BAG,POWDER,1000,MASALA MILL
0111,SFG0046,GARAM MASALA POWDER,GARAM MASALA POWDER,SEMI-FINISHED GOODS,GARAM MASALA POWDER,SPICES,BAG,POWDER,1000,MASALA MILL
,SFG0049,,GINGER POWDER,SEMI-FINISHED GOODS,GINGER POWDER,SPICES,BAG,POWDER,1000,TURMERIC MILL
0114,SFG0052,JEERA POWDER,JEERA POWDER,SEMI-FINISHED GOODS,JEERA POWDER,SPICES,BAG,POWDER,1000,MASALA MILL
SFG0057,SFG0057,KAWA POWDER,KAWA POWDER,SEMI-FINISHED GOODS,KAWHA SEELYINA,OMANI COFFEE,BAG,POWDER,1000,KAWA MILL
SFG0061,SFG0061,LEMON POWDER,LEMON POWDER,SEMI-FINISHED GOODS,LEMON POWDER,SPICES,BAG,POWDER,,MASALA MILL
,SFG0064,,MEAT MASALA POWDER,SEMI-FINISHED GOODS,MEAT MASALA POWDER,SPICES,BAG,POWDER,1000,MASALA MILL
0127,SFG0076,TURMERIC POWDER,TURMERIC POWDER,SEMI-FINISHED GOODS,TURMERIC POWDER,SPICES,BAG,POWDER,1000,TURMERIC MILL
SFG0090,SFG0090,MIX MASALA,MIX MASALA,SEMI-FINISHED GOODS,MIX MASALA,SPICES,BAG,POWDER,1000,MASALA MILL
,URID SPLIT,URID SPLIT,URID SPLIT,RAW MATERIALS,URID SPLIT,PEAS & LENTILES,,,,
,COMP,GAZAL COMPLIMENT PACK,NOOR GAZAL COMPLIMENT PACK,FINISHED GOODS,MIXED NUTS,NUTS & DRY FRUITS,PILLOW,,40,NUTS SECTION
